t,ref_q,q,ref_qd,qd,ref_qdd,V,i_est
0.0,0.0,-0.01,0.0,0.0,0.0,-0.01,-0.005
0.001,0.0,-0.01,0.0,0.0,0.0,-0.01,-0.005
0.002,0.0,-0.01,0.0,0.0,0.0,-0.01,-0.005
0.003,0.0,-0.01,0.0,0.0,0.0,-0.01,-0.005
0.004,0.0,-0.01,0.0,0.0,0.0,-0.01,-0.005
0.005,0.0,-0.01,0.0,0.0,0.0,-0.01,-0.005
0.006,0.0,-0.01,0.0,0.0,0.0,-0.01,-0.005
0.007,0.0,-0.01,0.0,0.0,0.0,-0.01,-0.005
0.008,0.0,-0.01,0.0,0.0,0.0,-0.01,-0.005
0.009,0.0,-0.01,0.0,0.0,0.0,-0.01,-0.005
0.01,0.0,-0.01,0.0,0.0,0.0,-0.01,-0.005
0.011,0.0,-0.01,0.0,0.0,0.0,-0.01,-0.005
0.012,0.0,-0.01,0.0,0.0,0.0,-0.01,-0.005
0.013,0.0,-0.01,0.0,0.0,0.0,-0.01,-0.005
0.014,0.0,-0.01,0.0,0.0,0.0,-0.01,-0.005
0.015,0.0,-0.01,0.0,0.0,0.0,-0.01,-0.005
0.016,0.0,-0.01,0.0,0.0,0.0,-0.01,-0.005
0.017,0.0,-0.01,0.0,0.0,0.0,-0.01,-0.005
0.018,0.0,-0.01,0.0,0.0,0.0,-0.01,-0.005
0.019,0.0,-0.01,0.0,0.0,0.0,-0.01,-0.005
0.02,0.0,-0.01,0.0,0.0,0.0,-0.01,-0.005
0.021,0.0,-0.01,0.0,0.0,0.0,-0.01,-0.005
0.022,0.0,-0.01,0.0,0.0,0.0,-0.01,-0.005
0.023,0.0,-0.01,0.0,0.0,0.0,-0.01,-0.005
0.024,0.0,-0.01,0.0,0.0,0.0,-0.01,-0.005
0.025,0.0,-0.01,0.0,0.0,0.0,-0.01,-0.005
0.026,0.0,-0.01,0.0,0.0,0.0,-0.01,-0.005
0.027,0.0,-0.01,0.0,0.0,0.0,-0.01,-0.005
0.028,0.0,-0.01,0.0,0.0,0.0,-0.01,-0.005
0.029,0.0,-0.01,0.0,0.0,0.0,-0.01,-0.005
0.03,0.0,-0.01,0.0,0.0,0.0,-0.01,-0.005
0.031,0.0,-0.01,0.0,0.0,0.0,-0.01,-0.005
0.032,0.0,-0.01,0.0,0.0,0.0,-0.01,-0.005
0.033,0.0,-0.01,0.0,0.0,0.0,-0.01,-0.005
0.034,0.0,-0.01,0.0,0.0,0.0,-0.01,-0.005
0.035,0.0,-0.01,0.0,0.0,0.0,-0.01,-0.005
0.036,0.0,-0.01,0.0,0.0,0.0,-0.01,-0.005
0.037,0.0,-0.01,0.0,0.0,0.0,-0.01,-0.005
0.038,0.0,-0.01,0.0,0.0,0.0,-0.01,-0.005
0.039,0.0,-0.01,0.0,0.0,0.0,-0.01,-0.005
0.04,0.0,-0.01,0.0,0.0,0.0,-0.01,-0.005
0.041,0.0,-0.01,0.0,0.0,0.0,-0.01,-0.005
0.042,0.0,-0.01,0.0,0.0,0.0,-0.01,-0.005
0.043,0.0,-0.01,0.0,0.0,0.0,-0.01,-0.005
0.044,0.0,-0.01,0.0,0.0,0.0,-0.01,-0.005
0.045,0.0,-0.01,0.0,0.0,0.0,-0.01,-0.005
0.046,0.0,-0.01,0.0,0.0,0.0,-0.01,-0.005
0.047,0.0,-0.01,0.0,0.0,0.0,-0.01,-0.005
0.048,0.0,-0.01,0.0,0.0,0.0,-0.01,-0.005
0.049,0.0,-0.01,0.0,0.0,0.0,-0.01,-0.005
0.05,0.0,-0.01,0.0,0.0,0.0,-0.01,-0.005
0.051,0.0,-0.01,0.0,0.0,0.0,-0.01,-0.005
0.052,0.0,-0.01,0.0,0.0,0.0,-0.01,-0.005
0.053,0.0,-0.01,0.0,0.0,0.0,-0.01,-0.005
0.054,0.0,-0.01,0.0,0.0,0.0,-0.01,-0.005
0.055,0.0,-0.01,0.0,0.0,0.0,-0.01,-0.005
0.056,0.0,-0.01,0.0,0.0,0.0,-0.01,-0.005
0.057,0.0,-0.01,0.0,0.0,0.0,-0.01,-0.005
0.058,0.0,-0.01,0.0,0.0,0.0,-0.01,-0.005
0.059,0.0,-0.01,0.0,0.0,0.0,-0.01,-0.005
0.06,0.0,-0.01,0.0,0.0,0.0,-0.01,-0.005
0.061,0.0,-0.01,0.0,0.0,0.0,-0.01,-0.005
0.062,0.0,-0.01,0.0,0.0,0.0,-0.01,-0.005
0.063,0.0,-0.01,0.0,0.0,0.0,-0.01,-0.005
0.064,0.0,-0.01,0.0,0.0,0.0,-0.01,-0.005
0.065,0.0,-0.01,0.0,0.0,0.0,-0.01,-0.005
0.066,0.0,-0.01,0.0,0.0,0.0,-0.01,-0.005
0.067,0.0,-0.01,0.0,0.0,0.0,-0.01,-0.005
0.068,0.0,-0.01,0.0,0.0,0.0,-0.01,-0.005
0.069,0.0,-0.01,0.0,0.0,0.0,-0.01,-0.005
0.07,0.0,-0.01,0.0,0.0,0.0,-0.01,-0.005
0.071,0.0,-0.01,0.0,0.0,0.0,-0.01,-0.005
0.072,0.0,-0.01,0.0,0.0,0.0,-0.01,-0.005
0.073,0.0,-0.01,0.0,0.0,0.0,-0.01,-0.005
0.074,0.0,-0.01,0.0,0.0,0.0,-0.01,-0.005
0.075,0.0,-0.01,0.0,0.0,0.0,-0.01,-0.005
0.076,0.0,-0.01,0.0,0.0,0.0,-0.01,-0.005
0.077,0.0,-0.01,0.0,0.0,0.0,-0.01,-0.005
0.078,0.0,-0.01,0.0,0.0,0.0,-0.01,-0.005
0.079,0.0,-0.01,0.0,0.0,0.0,-0.01,-0.005
0.08,0.0,-0.01,0.0,0.0,0.0,-0.01,-0.005
0.081,0.0,-0.01,0.0,0.0,0.0,-0.01,-0.005
0.082,0.0,-0.01,0.0,0.0,0.0,-0.01,-0.005
0.083,0.0,-0.01,0.0,0.0,0.0,-0.01,-0.005
0.084,0.0,-0.01,0.0,0.0,0.0,-0.01,-0.005
0.085,0.0,-0.01,0.0,0.0,0.0,-0.01,-0.005
0.086,0.0,-0.01,0.0,0.0,0.0,-0.01,-0.005
0.087,0.0,-0.01,0.0,0.0,0.0,-0.01,-0.005
0.088,0.0,-0.01,0.0,0.0,0.0,-0.01,-0.005
0.089,0.0,-0.01,0.0,0.0,0.0,-0.01,-0.005
0.09,0.0,-0.01,0.0,0.0,0.0,-0.01,-0.005
0.091,0.0,-0.01,0.0,0.0,0.0,-0.01,-0.005
0.092,0.0,-0.01,0.0,0.0,0.0,-0.01,-0.005
0.093,0.0,-0.01,0.0,0.0,0.0,-0.01,-0.005
0.094,0.0,-0.01,0.0,0.0,0.0,-0.01,-0.005
0.095,0.0,-0.01,0.0,0.0,0.0,-0.01,-0.005
0.096,0.0,-0.01,0.0,0.0,0.0,-0.01,-0.005
0.097,0.0,-0.01,0.0,0.0,0.0,-0.01,-0.005
0.098,0.0,-0.01,0.0,0.0,0.0,-0.01,-0.005
0.099,0.0,-0.01,0.0,0.0,0.0,-0.01,-0.005
0.1,0.0,-0.01,0.0,0.0,0.0,-0.01,-0.005
0.101,0.0,-0.01,0.0,0.0,0.0,-0.01,-0.005
0.102,0.0,-0.01,0.0,0.0,0.0,-0.01,-0.005
0.103,0.0,-0.01,0.0,0.0,0.0,-0.01,-0.005
0.104,0.0,-0.01,0.0,0.0,0.0,-0.01,-0.005
0.105,0.0,-0.01,0.0,0.0,0.0,-0.01,-0.005
0.106,0.0,-0.01,0.0,0.0,0.0,-0.01,-0.005
0.107,0.0,-0.01,0.0,0.0,0.0,-0.01,-0.005
0.108,0.0,-0.01,0.0,0.0,0.0,-0.01,-0.005
0.109,0.0,-0.01,0.0,0.0,0.0,-0.01,-0.005
0.11,0.0,-0.01,0.0,0.0,0.0,-0.01,-0.005
0.111,0.0,-0.01,0.0,0.0,0.0,-0.01,-0.005
0.112,0.0,-0.01,0.0,0.0,0.0,-0.01,-0.005
0.113,0.0,-0.01,0.0,0.0,0.0,-0.01,-0.005
0.114,0.0,-0.01,0.0,0.0,0.0,-0.01,-0.005
0.115,0.0,-0.01,0.0,0.0,0.0,-0.01,-0.005
0.116,0.0,-0.01,0.0,0.0,0.0,-0.01,-0.005
0.117,0.0,-0.01,0.0,0.0,0.0,-0.01,-0.005
0.118,0.0,-0.01,0.0,0.0,0.0,-0.01,-0.005
0.119,0.0,-0.01,0.0,0.0,0.0,-0.01,-0.005
0.12,0.0,-0.01,0.0,0.0,0.0,-0.01,-0.005
0.121,0.0,-0.01,0.0,0.0,0.0,-0.01,-0.005
0.122,0.0,-0.01,0.0,0.0,0.0,-0.01,-0.005
0.123,0.0,-0.01,0.0,0.0,0.0,-0.01,-0.005
0.124,0.0,-0.01,0.0,0.0,0.0,-0.01,-0.005
0.125,0.0,-0.01,0.0,0.0,0.0,-0.01,-0.005
0.126,0.0,-0.01,0.0,0.0,0.0,-0.01,-0.005
0.127,0.0,-0.01,0.0,0.0,0.0,-0.01,-0.005
0.128,0.0,-0.01,0.0,0.0,0.0,-0.01,-0.005
0.129,0.0,-0.01,0.0,0.0,0.0,-0.01,-0.005
0.13,0.0,-0.01,0.0,0.0,0.0,-0.01,-0.005
0.131,0.0,-0.01,0.0,0.0,0.0,-0.01,-0.005
0.132,0.0,-0.01,0.0,0.0,0.0,-0.01,-0.005
0.133,0.0,-0.01,0.0,0.0,0.0,-0.01,-0.005
0.134,0.0,-0.01,0.0,0.0,0.0,-0.01,-0.005
0.135,0.0,-0.01,0.0,0.0,0.0,-0.01,-0.005
0.136,0.0,-0.01,0.0,0.0,0.0,-0.01,-0.005
0.137,0.0,-0.01,0.0,0.0,0.0,-0.01,-0.005
0.138,0.0,-0.01,0.0,0.0,0.0,-0.01,-0.005
0.139,0.0,-0.01,0.0,0.0,0.0,-0.01,-0.005
0.14,0.0,-0.01,0.0,0.0,0.0,-0.01,-0.005
0.141,0.0,-0.01,0.0,0.0,0.0,-0.01,-0.005
0.142,0.0,-0.01,0.0,0.0,0.0,-0.01,-0.005
0.143,0.0,-0.01,0.0,0.0,0.0,-0.01,-0.005
0.144,0.0,-0.01,0.0,0.0,0.0,-0.01,-0.005
0.145,0.0,-0.01,0.0,0.0,0.0,-0.01,-0.005
0.146,0.0,-0.01,0.0,0.0,0.0,-0.01,-0.005
0.147,0.0,-0.01,0.0,0.0,0.0,-0.01,-0.005
0.148,0.0,-0.01,0.0,0.0,0.0,-0.01,-0.005
0.149,0.0,-0.01,0.0,0.0,0.0,-0.01,-0.005
0.15,0.0,-0.01,0.0,0.0,0.0,-0.01,-0.005
0.151,0.0,-0.01,0.0,0.0,0.0,-0.01,-0.005
0.152,0.0,-0.01,0.0,0.0,0.0,-0.01,-0.005
0.153,0.0,-0.01,0.0,0.0,0.0,-0.01,-0.005
0.154,0.0,-0.01,0.0,0.0,0.0,-0.01,-0.005
0.155,0.0,-0.01,0.0,0.0,0.0,-0.01,-0.005
0.156,0.0,-0.01,0.0,0.0,0.0,-0.01,-0.005
0.157,0.0,-0.01,0.0,0.0,0.0,-0.01,-0.005
0.158,0.0,-0.01,0.0,0.0,0.0,-0.01,-0.005
0.159,0.0,-0.01,0.0,0.0,0.0,-0.01,-0.005
0.16,0.0,-0.01,0.0,0.0,0.0,-0.01,-0.005
0.161,0.0,-0.01,0.0,0.0,0.0,-0.01,-0.005
0.162,0.0,-0.01,0.0,0.0,0.0,-0.01,-0.005
0.163,0.0,-0.01,0.0,0.0,0.0,-0.01,-0.005
0.164,0.0,-0.01,0.0,0.0,0.0,-0.01,-0.005
0.165,0.0,-0.01,0.0,0.0,0.0,-0.01,-0.005
0.166,0.0,-0.01,0.0,0.0,0.0,-0.01,-0.005
0.167,0.0,-0.01,0.0,0.0,0.0,-0.01,-0.005
0.168,0.0,-0.01,0.0,0.0,0.0,-0.01,-0.005
0.169,0.0,-0.01,0.0,0.0,0.0,-0.01,-0.005
0.17,0.0,-0.01,0.0,0.0,0.0,-0.01,-0.005
0.171,0.0,-0.01,0.0,0.0,0.0,-0.01,-0.005
0.172,0.0,-0.01,0.0,0.0,0.0,-0.01,-0.005
0.173,0.0,-0.01,0.0,0.0,0.0,-0.01,-0.005
0.174,0.0,-0.01,0.0,0.0,0.0,-0.01,-0.005
0.175,0.0,-0.01,0.0,0.0,0.0,-0.01,-0.005
0.176,0.0,-0.01,0.0,0.0,0.0,-0.01,-0.005
0.177,0.0,-0.01,0.0,0.0,0.0,-0.01,-0.005
0.178,0.0,-0.01,0.0,0.0,0.0,-0.01,-0.005
0.179,0.0,-0.01,0.0,0.0,0.0,-0.01,-0.005
0.18,0.0,-0.01,0.0,0.0,0.0,-0.01,-0.005
0.181,0.0,-0.01,0.0,0.0,0.0,-0.01,-0.005
0.182,0.0,-0.01,0.0,0.0,0.0,-0.01,-0.005
0.183,0.0,-0.01,0.0,0.0,0.0,-0.01,-0.005
0.184,0.0,-0.01,0.0,0.0,0.0,-0.01,-0.005
0.185,0.0,-0.01,0.0,0.0,0.0,-0.01,-0.005
0.186,0.0,-0.01,0.0,0.0,0.0,-0.01,-0.005
0.187,0.0,-0.01,0.0,0.0,0.0,-0.01,-0.005
0.188,0.0,-0.01,0.0,0.0,0.0,-0.01,-0.005
0.189,0.0,-0.01,0.0,0.0,0.0,-0.01,-0.005
0.19,0.0,-0.01,0.0,0.0,0.0,-0.01,-0.005
0.191,0.0,-0.01,0.0,0.0,0.0,-0.01,-0.005
0.192,0.0,-0.01,0.0,0.0,0.0,-0.01,-0.005
0.193,0.0,-0.01,0.0,0.0,0.0,-0.01,-0.005
0.194,0.0,-0.01,0.0,0.0,0.0,-0.01,-0.005
0.195,0.0,-0.01,0.0,0.0,0.0,-0.01,-0.005
0.196,0.0,-0.01,0.0,0.0,0.0,-0.01,-0.005
0.197,0.0,-0.01,0.0,0.0,0.0,-0.01,-0.005
0.198,0.0,-0.01,0.0,0.0,0.0,-0.01,-0.005
0.199,0.0,-0.01,0.0,0.0,0.0,-0.01,-0.005
0.2,0.0,-0.01,0.0,0.0,0.0,-0.01,-0.005
0.201,0.0,-0.01,0.0,0.0,0.0,-0.01,-0.005
0.202,0.0,-0.01,0.0,0.0,0.0,-0.01,-0.005
0.203,0.0,-0.01,0.0,0.0,0.0,-0.01,-0.005
0.204,0.0,-0.01,0.0,0.0,0.0,-0.01,-0.005
0.205,0.0,-0.01,0.0,0.0,0.0,-0.01,-0.005
0.206,0.0,-0.01,0.0,0.0,0.0,-0.01,-0.005
0.207,0.0,-0.01,0.0,0.0,0.0,-0.01,-0.005
0.208,0.0,-0.01,0.0,0.0,0.0,-0.01,-0.005
0.209,0.0,-0.01,0.0,0.0,0.0,-0.01,-0.005
0.21,0.0,-0.01,0.0,0.0,0.0,-0.01,-0.005
0.211,0.0,-0.01,0.0,0.0,0.0,-0.01,-0.005
0.212,0.0,-0.01,0.0,0.0,0.0,-0.01,-0.005
0.213,0.0,-0.01,0.0,0.0,0.0,-0.01,-0.005
0.214,0.0,-0.01,0.0,0.0,0.0,-0.01,-0.005
0.215,0.0,-0.01,0.0,0.0,0.0,-0.01,-0.005
0.216,0.0,-0.01,0.0,0.0,0.0,-0.01,-0.005
0.217,0.0,-0.01,0.0,0.0,0.0,-0.01,-0.005
0.218,0.0,-0.01,0.0,0.0,0.0,-0.01,-0.005
0.219,0.0,-0.01,0.0,0.0,0.0,-0.01,-0.005
0.22,0.0,-0.01,0.0,0.0,0.0,-0.01,-0.005
0.221,0.0,-0.01,0.0,0.0,0.0,-0.01,-0.005
0.222,0.0,-0.01,0.0,0.0,0.0,-0.01,-0.005
0.223,0.0,-0.01,0.0,0.0,0.0,-0.01,-0.005
0.224,0.0,-0.01,0.0,0.0,0.0,-0.01,-0.005
0.225,0.0,-0.01,0.0,0.0,0.0,-0.01,-0.005
0.226,0.0,-0.01,0.0,0.0,0.0,-0.01,-0.005
0.227,0.0,-0.01,0.0,0.0,0.0,-0.01,-0.005
0.228,0.0,-0.01,0.0,0.0,0.0,-0.01,-0.005
0.229,0.0,-0.01,0.0,0.0,0.0,-0.01,-0.005
0.23,0.0,-0.01,0.0,0.0,0.0,-0.01,-0.005
0.231,0.0,-0.01,0.0,0.0,0.0,-0.01,-0.005
0.232,0.0,-0.01,0.0,0.0,0.0,-0.01,-0.005
0.233,0.0,-0.01,0.0,0.0,0.0,-0.01,-0.005
0.234,0.0,-0.01,0.0,0.0,0.0,-0.01,-0.005
0.235,0.0,-0.01,0.0,0.0,0.0,-0.01,-0.005
0.236,0.0,-0.01,0.0,0.0,0.0,-0.01,-0.005
0.237,0.0,-0.01,0.0,0.0,0.0,-0.01,-0.005
0.238,0.0,-0.01,0.0,0.0,0.0,-0.01,-0.005
0.239,0.0,-0.01,0.0,0.0,0.0,-0.01,-0.005
0.24,0.0,-0.01,0.0,0.0,0.0,-0.01,-0.005
0.241,0.0,-0.01,0.0,0.0,0.0,-0.01,-0.005
0.242,0.0,-0.01,0.0,0.0,0.0,-0.01,-0.005
0.243,0.0,-0.01,0.0,0.0,0.0,-0.01,-0.005
0.244,0.0,-0.01,0.0,0.0,0.0,-0.01,-0.005
0.245,0.0,-0.01,0.0,0.0,0.0,-0.01,-0.005
0.246,0.0,-0.01,0.0,0.0,0.0,-0.01,-0.005
0.247,0.0,-0.01,0.0,0.0,0.0,-0.01,-0.005
0.248,0.0,-0.01,0.0,0.0,0.0,-0.01,-0.005
0.249,0.0,-0.01,0.0,0.0,0.0,-0.01,-0.005
0.25,0.0,-0.01,0.0,0.0,0.0,-0.01,-0.005
0.251,0.0,-0.01,0.0,0.0,0.0,-0.01,-0.005
0.252,0.0,-0.01,0.0,0.0,0.0,-0.01,-0.005
0.253,0.0,-0.01,0.0,0.0,0.0,-0.01,-0.005
0.254,0.0,-0.01,0.0,0.0,0.0,-0.01,-0.005
0.255,0.0,-0.01,0.0,0.0,0.0,-0.01,-0.005
0.256,0.0,-0.01,0.0,0.0,0.0,-0.01,-0.005
0.257,0.0,-0.01,0.0,0.0,0.0,-0.01,-0.005
0.258,0.0,-0.01,0.0,0.0,0.0,-0.01,-0.005
0.259,0.0,-0.01,0.0,0.0,0.0,-0.01,-0.005
0.26,0.0,-0.01,0.0,0.0,0.0,-0.01,-0.005
0.261,0.0,-0.01,0.0,0.0,0.0,-0.01,-0.005
0.262,0.0,-0.01,0.0,0.0,0.0,-0.01,-0.005
0.263,0.0,-0.01,0.0,0.0,0.0,-0.01,-0.005
0.264,0.0,-0.01,0.0,0.0,0.0,-0.01,-0.005
0.265,0.0,-0.01,0.0,0.0,0.0,-0.01,-0.005
0.266,0.0,-0.01,0.0,0.0,0.0,-0.01,-0.005
0.267,0.0,-0.01,0.0,0.0,0.0,-0.01,-0.005
0.268,0.0,-0.01,0.0,0.0,0.0,-0.01,-0.005
0.269,0.0,-0.01,0.0,0.0,0.0,-0.01,-0.005
0.27,0.0,-0.01,0.0,0.0,0.0,-0.01,-0.005
0.271,0.0,-0.01,0.0,0.0,0.0,-0.01,-0.005
0.272,0.0,-0.01,0.0,0.0,0.0,-0.01,-0.005
0.273,0.0,-0.01,0.0,0.0,0.0,-0.01,-0.005
0.274,0.0,-0.01,0.0,0.0,0.0,-0.01,-0.005
0.275,0.0,-0.01,0.0,0.0,0.0,-0.01,-0.005
0.276,0.0,-0.01,0.0,0.0,0.0,-0.01,-0.005
0.277,0.0,-0.01,0.0,0.0,0.0,-0.01,-0.005
0.278,0.0,-0.01,0.0,0.0,0.0,-0.01,-0.005
0.279,0.0,-0.01,0.0,0.0,0.0,-0.01,-0.005
0.28,0.0,-0.01,0.0,0.0,0.0,-0.01,-0.005
0.281,0.0,-0.01,0.0,0.0,0.0,-0.01,-0.005
0.282,0.0,-0.01,0.0,0.0,0.0,-0.01,-0.005
0.283,0.0,-0.01,0.0,0.0,0.0,-0.01,-0.005
0.284,0.0,-0.01,0.0,0.0,0.0,-0.01,-0.005
0.285,0.0,-0.01,0.0,0.0,0.0,-0.01,-0.005
0.286,0.0,-0.01,0.0,0.0,0.0,-0.01,-0.005
0.287,0.0,-0.01,0.0,0.0,0.0,-0.01,-0.005
0.288,0.0,-0.01,0.0,0.0,0.0,-0.01,-0.005
0.289,0.0,-0.01,0.0,0.0,0.0,-0.01,-0.005
0.29,0.0,-0.01,0.0,0.0,0.0,-0.01,-0.005
0.291,0.0,-0.01,0.0,0.0,0.0,-0.01,-0.005
0.292,0.0,-0.01,0.0,0.0,0.0,-0.01,-0.005
0.293,0.0,-0.01,0.0,0.0,0.0,-0.01,-0.005
0.294,0.0,-0.01,0.0,0.0,0.0,-0.01,-0.005
0.295,0.0,-0.01,0.0,0.0,0.0,-0.01,-0.005
0.296,0.0,-0.01,0.0,0.0,0.0,-0.01,-0.005
0.297,0.0,-0.01,0.0,0.0,0.0,-0.01,-0.005
0.298,0.0,-0.01,0.0,0.0,0.0,-0.01,-0.005
0.299,0.0,-0.01,0.0,0.0,0.0,-0.01,-0.005
0.3,0.0,-0.01,0.0,0.0,0.0,-0.01,-0.005
0.301,0.0,-0.01,0.0,0.0,0.0,-0.01,-0.005
0.302,0.0,-0.01,0.0,0.0,0.0,-0.01,-0.005
0.303,0.0,-0.01,0.0,0.0,0.0,-0.01,-0.005
0.304,0.0,-0.01,0.0,0.0,0.0,-0.01,-0.005
0.305,0.0,-0.01,0.0,0.0,0.0,-0.01,-0.005
0.306,0.0,-0.01,0.0,0.0,0.0,-0.01,-0.005
0.307,0.0,-0.01,0.0,0.0,0.0,-0.01,-0.005
0.308,0.0,-0.01,0.0,0.0,0.0,-0.01,-0.005
0.309,0.0,-0.01,0.0,0.0,0.0,-0.01,-0.005
0.31,0.0,-0.01,0.0,0.0,0.0,-0.01,-0.005
0.311,0.0,-0.01,0.0,0.0,0.0,-0.01,-0.005
0.312,0.0,-0.01,0.0,0.0,0.0,-0.01,-0.005
0.313,0.0,-0.01,0.0,0.0,0.0,-0.01,-0.005
0.314,0.0,-0.01,0.0,0.0,0.0,-0.01,-0.005
0.315,0.0,-0.01,0.0,0.0,0.0,-0.01,-0.005
0.316,0.0,-0.01,0.0,0.0,0.0,-0.01,-0.005
0.317,0.0,-0.01,0.0,0.0,0.0,-0.01,-0.005
0.318,0.0,-0.01,0.0,0.0,0.0,-0.01,-0.005
0.319,0.0,-0.01,0.0,0.0,0.0,-0.01,-0.005
0.32,0.0,-0.01,0.0,0.0,0.0,-0.01,-0.005
0.321,0.0,-0.01,0.0,0.0,0.0,-0.01,-0.005
0.322,0.0,-0.01,0.0,0.0,0.0,-0.01,-0.005
0.323,0.0,-0.01,0.0,0.0,0.0,-0.01,-0.005
0.324,0.0,-0.01,0.0,0.0,0.0,-0.01,-0.005
0.325,0.0,-0.01,0.0,0.0,0.0,-0.01,-0.005
0.326,0.0,-0.01,0.0,0.0,0.0,-0.01,-0.005
0.327,0.0,-0.01,0.0,0.0,0.0,-0.01,-0.005
0.328,0.0,-0.01,0.0,0.0,0.0,-0.01,-0.005
0.329,0.0,-0.01,0.0,0.0,0.0,-0.01,-0.005
0.33,0.0,-0.01,0.0,0.0,0.0,-0.01,-0.005
0.331,0.0,-0.01,0.0,0.0,0.0,-0.01,-0.005
0.332,0.0,-0.01,0.0,0.0,0.0,-0.01,-0.005
0.333,0.0,-0.01,0.0,0.0,0.0,-0.01,-0.005
0.334,0.0,-0.01,0.0,0.0,0.0,-0.01,-0.005
0.335,0.0,-0.01,0.0,0.0,0.0,-0.01,-0.005
0.336,0.0,-0.01,0.0,0.0,0.0,-0.01,-0.005
0.337,0.0,-0.01,0.0,0.0,0.0,-0.01,-0.005
0.338,0.0,-0.01,0.0,0.0,0.0,-0.01,-0.005
0.339,0.0,-0.01,0.0,0.0,0.0,-0.01,-0.005
0.34,0.0,-0.01,0.0,0.0,0.0,-0.01,-0.005
0.341,0.0,-0.01,0.0,0.0,0.0,-0.01,-0.005
0.342,0.0,-0.01,0.0,0.0,0.0,-0.01,-0.005
0.343,0.0,-0.01,0.0,0.0,0.0,-0.01,-0.005
0.344,0.0,-0.01,0.0,0.0,0.0,-0.01,-0.005
0.345,0.0,-0.01,0.0,0.0,0.0,-0.01,-0.005
0.346,0.0,-0.01,0.0,0.0,0.0,-0.01,-0.005
0.347,0.0,-0.01,0.0,0.0,0.0,-0.01,-0.005
0.348,0.0,-0.01,0.0,0.0,0.0,-0.01,-0.005
0.349,0.0,-0.01,0.0,0.0,0.0,-0.01,-0.005
0.35,0.0,-0.01,0.0,0.0,0.0,-0.01,-0.005
0.351,0.0,-0.01,0.0,0.0,0.0,-0.01,-0.005
0.352,0.0,-0.01,0.0,0.0,0.0,-0.01,-0.005
0.353,0.0,-0.01,0.0,0.0,0.0,-0.01,-0.005
0.354,0.0,-0.01,0.0,0.0,0.0,-0.01,-0.005
0.355,0.0,-0.01,0.0,0.0,0.0,-0.01,-0.005
0.356,0.0,-0.01,0.0,0.0,0.0,-0.01,-0.005
0.357,0.0,-0.01,0.0,0.0,0.0,-0.01,-0.005
0.358,0.0,-0.01,0.0,0.0,0.0,-0.01,-0.005
0.359,0.0,-0.01,0.0,0.0,0.0,-0.01,-0.005
0.36,0.0,-0.01,0.0,0.0,0.0,-0.01,-0.005
0.361,0.0,-0.01,0.0,0.0,0.0,-0.01,-0.005
0.362,0.0,-0.01,0.0,0.0,0.0,-0.01,-0.005
0.363,0.0,-0.01,0.0,0.0,0.0,-0.01,-0.005
0.364,0.0,-0.01,0.0,0.0,0.0,-0.01,-0.005
0.365,0.0,-0.01,0.0,0.0,0.0,-0.01,-0.005
0.366,0.0,-0.01,0.0,0.0,0.0,-0.01,-0.005
0.367,0.0,-0.01,0.0,0.0,0.0,-0.01,-0.005
0.368,0.0,-0.01,0.0,0.0,0.0,-0.01,-0.005
0.369,0.0,-0.01,0.0,0.0,0.0,-0.01,-0.005
0.37,0.0,-0.01,0.0,0.0,0.0,-0.01,-0.005
0.371,0.0,-0.01,0.0,0.0,0.0,-0.01,-0.005
0.372,0.0,-0.01,0.0,0.0,0.0,-0.01,-0.005
0.373,0.0,-0.01,0.0,0.0,0.0,-0.01,-0.005
0.374,0.0,-0.01,0.0,0.0,0.0,-0.01,-0.005
0.375,0.0,-0.01,0.0,0.0,0.0,-0.01,-0.005
0.376,0.0,-0.01,0.0,0.0,0.0,-0.01,-0.005
0.377,0.0,-0.01,0.0,0.0,0.0,-0.01,-0.005
0.378,0.0,-0.01,0.0,0.0,0.0,-0.01,-0.005
0.379,0.0,-0.01,0.0,0.0,0.0,-0.01,-0.005
0.38,0.0,-0.01,0.0,0.0,0.0,-0.01,-0.005
0.381,0.0,-0.01,0.0,0.0,0.0,-0.01,-0.005
0.382,0.0,-0.01,0.0,0.0,0.0,-0.01,-0.005
0.383,0.0,-0.01,0.0,0.0,0.0,-0.01,-0.005
0.384,0.0,-0.01,0.0,0.0,0.0,-0.01,-0.005
0.385,0.0,-0.01,0.0,0.0,0.0,-0.01,-0.005
0.386,0.0,-0.01,0.0,0.0,0.0,-0.01,-0.005
0.387,0.0,-0.01,0.0,0.0,0.0,-0.01,-0.005
0.388,0.0,-0.01,0.0,0.0,0.0,-0.01,-0.005
0.389,0.0,-0.01,0.0,0.0,0.0,-0.01,-0.005
0.39,0.0,-0.01,0.0,0.0,0.0,-0.01,-0.005
0.391,0.0,-0.01,0.0,0.0,0.0,-0.01,-0.005
0.392,0.0,-0.01,0.0,0.0,0.0,-0.01,-0.005
0.393,0.0,-0.01,0.0,0.0,0.0,-0.01,-0.005
0.394,0.0,-0.01,0.0,0.0,0.0,-0.01,-0.005
0.395,0.0,-0.01,0.0,0.0,0.0,-0.01,-0.005
0.396,0.0,-0.01,0.0,0.0,0.0,-0.01,-0.005
0.397,0.0,-0.01,0.0,0.0,0.0,-0.01,-0.005
0.398,0.0,-0.01,0.0,0.0,0.0,-0.01,-0.005
0.399,0.0,-0.01,0.0,0.0,0.0,-0.01,-0.005
0.4,0.0,-0.01,0.0,0.0,0.0,-0.01,-0.005
0.401,0.0,-0.01,0.0,0.0,0.0,-0.01,-0.005
0.402,0.0,-0.01,0.0,0.0,0.0,-0.01,-0.005
0.403,0.0,-0.01,0.0,0.0,0.0,-0.01,-0.005
0.404,0.0,-0.01,0.0,0.0,0.0,-0.01,-0.005
0.405,0.0,-0.01,0.0,0.0,0.0,-0.01,-0.005
0.406,0.0,-0.01,0.0,0.0,0.0,-0.01,-0.005
0.407,0.0,-0.01,0.0,0.0,0.0,-0.01,-0.005
0.408,0.0,-0.01,0.0,0.0,0.0,-0.01,-0.005
0.409,0.0,-0.01,0.0,0.0,0.0,-0.01,-0.005
0.41,0.0,-0.01,0.0,0.0,0.0,-0.01,-0.005
0.411,0.0,-0.01,0.0,0.0,0.0,-0.01,-0.005
0.412,0.0,-0.01,0.0,0.0,0.0,-0.01,-0.005
0.413,0.0,-0.01,0.0,0.0,0.0,-0.01,-0.005
0.414,0.0,-0.01,0.0,0.0,0.0,-0.01,-0.005
0.415,0.0,-0.01,0.0,0.0,0.0,-0.01,-0.005
0.416,0.0,-0.01,0.0,0.0,0.0,-0.01,-0.005
0.417,0.0,-0.01,0.0,0.0,0.0,-0.01,-0.005
0.418,0.0,-0.01,0.0,0.0,0.0,-0.01,-0.005
0.419,0.0,-0.01,0.0,0.0,0.0,-0.01,-0.005
0.42,0.0,-0.01,0.0,0.0,0.0,-0.01,-0.005
0.421,0.0,-0.01,0.0,0.0,0.0,-0.01,-0.005
0.422,0.0,-0.01,0.0,0.0,0.0,-0.01,-0.005
0.423,0.0,-0.01,0.0,0.0,0.0,-0.01,-0.005
0.424,0.0,-0.01,0.0,0.0,0.0,-0.01,-0.005
0.425,0.0,-0.01,0.0,0.0,0.0,-0.01,-0.005
0.426,0.0,-0.01,0.0,0.0,0.0,-0.01,-0.005
0.427,0.0,-0.01,0.0,0.0,0.0,-0.01,-0.005
0.428,0.0,-0.01,0.0,0.0,0.0,-0.01,-0.005
0.429,0.0,-0.01,0.0,0.0,0.0,-0.01,-0.005
0.43,0.0,-0.01,0.0,0.0,0.0,-0.01,-0.005
0.431,0.0,-0.01,0.0,0.0,0.0,-0.01,-0.005
0.432,0.0,-0.01,0.0,0.0,0.0,-0.01,-0.005
0.433,0.0,-0.01,0.0,0.0,0.0,-0.01,-0.005
0.434,0.0,-0.01,0.0,0.0,0.0,-0.01,-0.005
0.435,0.0,-0.01,0.0,0.0,0.0,-0.01,-0.005
0.436,0.0,-0.01,0.0,0.0,0.0,-0.01,-0.005
0.437,0.0,-0.01,0.0,0.0,0.0,-0.01,-0.005
0.438,0.0,-0.01,0.0,0.0,0.0,-0.01,-0.005
0.439,0.0,-0.01,0.0,0.0,0.0,-0.01,-0.005
0.44,0.0,-0.01,0.0,0.0,0.0,-0.01,-0.005
0.441,0.0,-0.01,0.0,0.0,0.0,-0.01,-0.005
0.442,0.0,-0.01,0.0,0.0,0.0,-0.01,-0.005
0.443,0.0,-0.01,0.0,0.0,0.0,-0.01,-0.005
0.444,0.0,-0.01,0.0,0.0,0.0,-0.01,-0.005
0.445,0.0,-0.01,0.0,0.0,0.0,-0.01,-0.005
0.446,0.0,-0.01,0.0,0.0,0.0,-0.01,-0.005
0.447,0.0,-0.01,0.0,0.0,0.0,-0.01,-0.005
0.448,0.0,-0.01,0.0,0.0,0.0,-0.01,-0.005
0.449,0.0,-0.01,0.0,0.0,0.0,-0.01,-0.005
0.45,0.0,-0.01,0.0,0.0,0.0,-0.01,-0.005
0.451,0.0,-0.01,0.0,0.0,0.0,-0.01,-0.005
0.452,0.0,-0.01,0.0,0.0,0.0,-0.01,-0.005
0.453,0.0,-0.01,0.0,0.0,0.0,-0.01,-0.005
0.454,0.0,-0.01,0.0,0.0,0.0,-0.01,-0.005
0.455,0.0,-0.01,0.0,0.0,0.0,-0.01,-0.005
0.456,0.0,-0.01,0.0,0.0,0.0,-0.01,-0.005
0.457,0.0,-0.01,0.0,0.0,0.0,-0.01,-0.005
0.458,0.0,-0.01,0.0,0.0,0.0,-0.01,-0.005
0.459,0.0,-0.01,0.0,0.0,0.0,-0.01,-0.005
0.46,0.0,-0.01,0.0,0.0,0.0,-0.01,-0.005
0.461,0.0,-0.01,0.0,0.0,0.0,-0.01,-0.005
0.462,0.0,-0.01,0.0,0.0,0.0,-0.01,-0.005
0.463,0.0,-0.01,0.0,0.0,0.0,-0.01,-0.005
0.464,0.0,-0.01,0.0,0.0,0.0,-0.01,-0.005
0.465,0.0,-0.01,0.0,0.0,0.0,-0.01,-0.005
0.466,0.0,-0.01,0.0,0.0,0.0,-0.01,-0.005
0.467,0.0,-0.01,0.0,0.0,0.0,-0.01,-0.005
0.468,0.0,-0.01,0.0,0.0,0.0,-0.01,-0.005
0.469,0.0,-0.01,0.0,0.0,0.0,-0.01,-0.005
0.47,0.0,-0.01,0.0,0.0,0.0,-0.01,-0.005
0.471,0.0,-0.01,0.0,0.0,0.0,-0.01,-0.005
0.472,0.0,-0.01,0.0,0.0,0.0,-0.01,-0.005
0.473,0.0,-0.01,0.0,0.0,0.0,-0.01,-0.005
0.474,0.0,-0.01,0.0,0.0,0.0,-0.01,-0.005
0.475,0.0,-0.01,0.0,0.0,0.0,-0.01,-0.005
0.476,0.0,-0.01,0.0,0.0,0.0,-0.01,-0.005
0.477,0.0,-0.01,0.0,0.0,0.0,-0.01,-0.005
0.478,0.0,-0.01,0.0,0.0,0.0,-0.01,-0.005
0.479,0.0,-0.01,0.0,0.0,0.0,-0.01,-0.005
0.48,0.0,-0.01,0.0,0.0,0.0,-0.01,-0.005
0.481,0.0,-0.01,0.0,0.0,0.0,-0.01,-0.005
0.482,0.0,-0.01,0.0,0.0,0.0,-0.01,-0.005
0.483,0.0,-0.01,0.0,0.0,0.0,-0.01,-0.005
0.484,0.0,-0.01,0.0,0.0,0.0,-0.01,-0.005
0.485,0.0,-0.01,0.0,0.0,0.0,-0.01,-0.005
0.486,0.0,-0.01,0.0,0.0,0.0,-0.01,-0.005
0.487,0.0,-0.01,0.0,0.0,0.0,-0.01,-0.005
0.488,0.0,-0.01,0.0,0.0,0.0,-0.01,-0.005
0.489,0.0,-0.01,0.0,0.0,0.0,-0.01,-0.005
0.49,0.0,-0.01,0.0,0.0,0.0,-0.01,-0.005
0.491,0.0,-0.01,0.0,0.0,0.0,-0.01,-0.005
0.492,0.0,-0.01,0.0,0.0,0.0,-0.01,-0.005
0.493,0.0,-0.01,0.0,0.0,0.0,-0.01,-0.005
0.494,0.0,-0.01,0.0,0.0,0.0,-0.01,-0.005
0.495,0.0,-0.01,0.0,0.0,0.0,-0.01,-0.005
0.496,0.0,-0.01,0.0,0.0,0.0,-0.01,-0.005
0.497,0.0,-0.01,0.0,0.0,0.0,-0.01,-0.005
0.498,0.0,-0.01,0.0,0.0,0.0,-0.01,-0.005
0.499,0.0,-0.01,0.0,0.0,0.0,-0.01,-0.005
0.5,0.0,-0.01,0.0,0.0,0.0,-0.01,-0.005
0.501,0.0,-0.01,0.0,0.0,0.0,-0.01,-0.005
0.502,0.0,-0.01,0.0,0.0,0.0,-0.01,-0.005
0.503,0.0,-0.01,0.0,0.0,0.0,-0.01,-0.005
0.504,0.0,-0.01,0.0,0.0,0.0,-0.01,-0.005
0.505,0.0,-0.01,0.0,0.0,0.0,-0.01,-0.005
0.506,0.0,-0.01,0.0,0.0,0.0,-0.01,-0.005
0.507,0.0,-0.01,0.0,0.0,0.0,-0.01,-0.005
0.508,0.0,-0.01,0.0,0.0,0.0,-0.01,-0.005
0.509,0.0,-0.01,0.0,0.0,0.0,-0.01,-0.005
0.51,0.0,-0.01,0.0,0.0,0.0,-0.01,-0.005
0.511,0.0,-0.01,0.0,0.0,0.0,-0.01,-0.005
0.512,0.0,-0.01,0.0,0.0,0.0,-0.01,-0.005
0.513,0.0,-0.01,0.0,0.0,0.0,-0.01,-0.005
0.514,0.0,-0.01,0.0,0.0,0.0,-0.01,-0.005
0.515,0.0,-0.01,0.0,0.0,0.0,-0.01,-0.005
0.516,0.0,-0.01,0.0,0.0,0.0,-0.01,-0.005
0.517,0.0,-0.01,0.0,0.0,0.0,-0.01,-0.005
0.518,0.0,-0.01,0.0,0.0,0.0,-0.01,-0.005
0.519,0.0,-0.01,0.0,0.0,0.0,-0.01,-0.005
0.52,0.0,-0.01,0.0,0.0,0.0,-0.01,-0.005
0.521,0.0,-0.01,0.0,0.0,0.0,-0.01,-0.005
0.522,0.0,-0.01,0.0,0.0,0.0,-0.01,-0.005
0.523,0.0,-0.01,0.0,0.0,0.0,-0.01,-0.005
0.524,0.0,-0.01,0.0,0.0,0.0,-0.01,-0.005
0.525,0.0,-0.01,0.0,0.0,0.0,-0.01,-0.005
0.526,0.0,-0.01,0.0,0.0,0.0,-0.01,-0.005
0.527,0.0,-0.01,0.0,0.0,0.0,-0.01,-0.005
0.528,0.0,-0.01,0.0,0.0,0.0,-0.01,-0.005
0.529,0.0,-0.01,0.0,0.0,0.0,-0.01,-0.005
0.53,0.0,-0.01,0.0,0.0,0.0,-0.01,-0.005
0.531,0.0,-0.01,0.0,0.0,0.0,-0.01,-0.005
0.532,0.0,-0.01,0.0,0.0,0.0,-0.01,-0.005
0.533,0.0,-0.01,0.0,0.0,0.0,-0.01,-0.005
0.534,0.0,-0.01,0.0,0.0,0.0,-0.01,-0.005
0.535,0.0,-0.01,0.0,0.0,0.0,-0.01,-0.005
0.536,0.0,-0.01,0.0,0.0,0.0,-0.01,-0.005
0.537,0.0,-0.01,0.0,0.0,0.0,-0.01,-0.005
0.538,0.0,-0.01,0.0,0.0,0.0,-0.01,-0.005
0.539,0.0,-0.01,0.0,0.0,0.0,-0.01,-0.005
0.54,0.0,-0.01,0.0,0.0,0.0,-0.01,-0.005
0.541,0.0,-0.01,0.0,0.0,0.0,-0.01,-0.005
0.542,0.0,-0.01,0.0,0.0,0.0,-0.01,-0.005
0.543,0.0,-0.01,0.0,0.0,0.0,-0.01,-0.005
0.544,0.0,-0.01,0.0,0.0,0.0,-0.01,-0.005
0.545,0.0,-0.01,0.0,0.0,0.0,-0.01,-0.005
0.546,0.0,-0.01,0.0,0.0,0.0,-0.01,-0.005
0.547,0.0,-0.01,0.0,0.0,0.0,-0.01,-0.005
0.548,0.0,-0.01,0.0,0.0,0.0,-0.01,-0.005
0.549,0.0,-0.01,0.0,0.0,0.0,-0.01,-0.005
0.55,0.0,-0.01,0.0,0.0,0.0,-0.01,-0.005
0.551,0.0,-0.01,0.0,0.0,0.0,-0.01,-0.005
0.552,0.0,-0.01,0.0,0.0,0.0,-0.01,-0.005
0.553,0.0,-0.01,0.0,0.0,0.0,-0.01,-0.005
0.554,0.0,-0.01,0.0,0.0,0.0,-0.01,-0.005
0.555,0.0,-0.01,0.0,0.0,0.0,-0.01,-0.005
0.556,0.0,-0.01,0.0,0.0,0.0,-0.01,-0.005
0.557,0.0,-0.01,0.0,0.0,0.0,-0.01,-0.005
0.558,0.0,-0.01,0.0,0.0,0.0,-0.01,-0.005
0.559,0.0,-0.01,0.0,0.0,0.0,-0.01,-0.005
0.56,0.0,-0.01,0.0,0.0,0.0,-0.01,-0.005
0.561,0.0,-0.01,0.0,0.0,0.0,-0.01,-0.005
0.562,0.0,-0.01,0.0,0.0,0.0,-0.01,-0.005
0.563,0.0,-0.01,0.0,0.0,0.0,-0.01,-0.005
0.564,0.0,-0.01,0.0,0.0,0.0,-0.01,-0.005
0.565,0.0,-0.01,0.0,0.0,0.0,-0.01,-0.005
0.566,0.0,-0.01,0.0,0.0,0.0,-0.01,-0.005
0.567,0.0,-0.01,0.0,0.0,0.0,-0.01,-0.005
0.568,0.0,-0.01,0.0,0.0,0.0,-0.01,-0.005
0.569,0.0,-0.01,0.0,0.0,0.0,-0.01,-0.005
0.57,0.0,-0.01,0.0,0.0,0.0,-0.01,-0.005
0.571,0.0,-0.01,0.0,0.0,0.0,-0.01,-0.005
0.572,0.0,-0.01,0.0,0.0,0.0,-0.01,-0.005
0.573,0.0,-0.01,0.0,0.0,0.0,-0.01,-0.005
0.574,0.0,-0.01,0.0,0.0,0.0,-0.01,-0.005
0.575,0.0,-0.01,0.0,0.0,0.0,-0.01,-0.005
0.576,0.0,-0.01,0.0,0.0,0.0,-0.01,-0.005
0.577,0.0,-0.01,0.0,0.0,0.0,-0.01,-0.005
0.578,0.0,-0.01,0.0,0.0,0.0,-0.01,-0.005
0.579,0.0,-0.01,0.0,0.0,0.0,-0.01,-0.005
0.58,0.0,-0.01,0.0,0.0,0.0,-0.01,-0.005
0.581,0.0,-0.01,0.0,0.0,0.0,-0.01,-0.005
0.582,0.0,-0.01,0.0,0.0,0.0,-0.01,-0.005
0.583,0.0,-0.01,0.0,0.0,0.0,-0.01,-0.005
0.584,0.0,-0.01,0.0,0.0,0.0,-0.01,-0.005
0.585,0.0,-0.01,0.0,0.0,0.0,-0.01,-0.005
0.586,0.0,-0.01,0.0,0.0,0.0,-0.01,-0.005
0.587,0.0,-0.01,0.0,0.0,0.0,-0.01,-0.005
0.588,0.0,-0.01,0.0,0.0,0.0,-0.01,-0.005
0.589,0.0,-0.01,0.0,0.0,0.0,-0.01,-0.005
0.59,0.0,-0.01,0.0,0.0,0.0,-0.01,-0.005
0.591,0.0,-0.01,0.0,0.0,0.0,-0.01,-0.005
0.592,0.0,-0.01,0.0,0.0,0.0,-0.01,-0.005
0.593,0.0,-0.01,0.0,0.0,0.0,-0.01,-0.005
0.594,0.0,-0.01,0.0,0.0,0.0,-0.01,-0.005
0.595,0.0,-0.01,0.0,0.0,0.0,-0.01,-0.005
0.596,0.0,-0.01,0.0,0.0,0.0,-0.01,-0.005
0.597,0.0,-0.01,0.0,0.0,0.0,-0.01,-0.005
0.598,0.0,-0.01,0.0,0.0,0.0,-0.01,-0.005
0.599,0.0,-0.01,0.0,0.0,0.0,-0.01,-0.005
0.6,0.0,-0.01,0.0,0.0,0.0,-0.01,-0.005
0.601,0.0,-0.01,0.0,0.0,0.0,-0.01,-0.005
0.602,0.0,-0.01,0.0,0.0,0.0,-0.01,-0.005
0.603,0.0,-0.01,0.0,0.0,0.0,-0.01,-0.005
0.604,0.0,-0.01,0.0,0.0,0.0,-0.01,-0.005
0.605,0.0,-0.01,0.0,0.0,0.0,-0.01,-0.005
0.606,0.0,-0.01,0.0,0.0,0.0,-0.01,-0.005
0.607,0.0,-0.01,0.0,0.0,0.0,-0.01,-0.005
0.608,0.0,-0.01,0.0,0.0,0.0,-0.01,-0.005
0.609,0.0,-0.01,0.0,0.0,0.0,-0.01,-0.005
0.61,0.0,-0.01,0.0,0.0,0.0,-0.01,-0.005
0.611,0.0,-0.01,0.0,0.0,0.0,-0.01,-0.005
0.612,0.0,-0.01,0.0,0.0,0.0,-0.01,-0.005
0.613,0.0,-0.01,0.0,0.0,0.0,-0.01,-0.005
0.614,0.0,-0.01,0.0,0.0,0.0,-0.01,-0.005
0.615,0.0,-0.01,0.0,0.0,0.0,-0.01,-0.005
0.616,0.0,-0.01,0.0,0.0,0.0,-0.01,-0.005
0.617,0.0,-0.01,0.0,0.0,0.0,-0.01,-0.005
0.618,0.0,-0.01,0.0,0.0,0.0,-0.01,-0.005
0.619,0.0,-0.01,0.0,0.0,0.0,-0.01,-0.005
0.62,0.0,-0.01,0.0,0.0,0.0,-0.01,-0.005
0.621,0.0,-0.01,0.0,0.0,0.0,-0.01,-0.005
0.622,0.0,-0.01,0.0,0.0,0.0,-0.01,-0.005
0.623,0.0,-0.01,0.0,0.0,0.0,-0.01,-0.005
0.624,0.0,-0.01,0.0,0.0,0.0,-0.01,-0.005
0.625,0.0,-0.01,0.0,0.0,0.0,-0.01,-0.005
0.626,0.0,-0.01,0.0,0.0,0.0,-0.01,-0.005
0.627,0.0,-0.01,0.0,0.0,0.0,-0.01,-0.005
0.628,0.0,-0.01,0.0,0.0,0.0,-0.01,-0.005
0.629,0.0,-0.01,0.0,0.0,0.0,-0.01,-0.005
0.63,0.0,-0.01,0.0,0.0,0.0,-0.01,-0.005
0.631,0.0,-0.01,0.0,0.0,0.0,-0.01,-0.005
0.632,0.0,-0.01,0.0,0.0,0.0,-0.01,-0.005
0.633,0.0,-0.01,0.0,0.0,0.0,-0.01,-0.005
0.634,0.0,-0.01,0.0,0.0,0.0,-0.01,-0.005
0.635,0.0,-0.01,0.0,0.0,0.0,-0.01,-0.005
0.636,0.0,-0.01,0.0,0.0,0.0,-0.01,-0.005
0.637,0.0,-0.01,0.0,0.0,0.0,-0.01,-0.005
0.638,0.0,-0.01,0.0,0.0,0.0,-0.01,-0.005
0.639,0.0,-0.01,0.0,0.0,0.0,-0.01,-0.005
0.64,0.0,-0.01,0.0,0.0,0.0,-0.01,-0.005
0.641,0.0,-0.01,0.0,0.0,0.0,-0.01,-0.005
0.642,0.0,-0.01,0.0,0.0,0.0,-0.01,-0.005
0.643,0.0,-0.01,0.0,0.0,0.0,-0.01,-0.005
0.644,0.0,-0.01,0.0,0.0,0.0,-0.01,-0.005
0.645,0.0,-0.01,0.0,0.0,0.0,-0.01,-0.005
0.646,0.0,-0.01,0.0,0.0,0.0,-0.01,-0.005
0.647,0.0,-0.01,0.0,0.0,0.0,-0.01,-0.005
0.648,0.0,-0.01,0.0,0.0,0.0,-0.01,-0.005
0.649,0.0,-0.01,0.0,0.0,0.0,-0.01,-0.005
0.65,0.0,-0.01,0.0,0.0,0.0,-0.01,-0.005
0.651,0.0,-0.01,0.0,0.0,0.0,-0.01,-0.005
0.652,0.0,-0.01,0.0,0.0,0.0,-0.01,-0.005
0.653,0.0,-0.01,0.0,0.0,0.0,-0.01,-0.005
0.654,0.0,-0.01,0.0,0.0,0.0,-0.01,-0.005
0.655,0.0,-0.01,0.0,0.0,0.0,-0.01,-0.005
0.656,0.0,-0.01,0.0,0.0,0.0,-0.01,-0.005
0.657,0.0,-0.01,0.0,0.0,0.0,-0.01,-0.005
0.658,0.0,-0.01,0.0,0.0,0.0,-0.01,-0.005
0.659,0.0,-0.01,0.0,0.0,0.0,-0.01,-0.005
0.66,0.0,-0.01,0.0,0.0,0.0,-0.01,-0.005
0.661,0.0,-0.01,0.0,0.0,0.0,-0.01,-0.005
0.662,0.0,-0.01,0.0,0.0,0.0,-0.01,-0.005
0.663,0.0,-0.01,0.0,0.0,0.0,-0.01,-0.005
0.664,0.0,-0.01,0.0,0.0,0.0,-0.01,-0.005
0.665,0.0,-0.01,0.0,0.0,0.0,-0.01,-0.005
0.666,0.0,-0.01,0.0,0.0,0.0,-0.01,-0.005
0.667,0.0,-0.01,0.0,0.0,0.0,-0.01,-0.005
0.668,0.0,-0.01,0.0,0.0,0.0,-0.01,-0.005
0.669,0.0,-0.01,0.0,0.0,0.0,-0.01,-0.005
0.67,0.0,-0.01,0.0,0.0,0.0,-0.01,-0.005
0.671,0.0,-0.01,0.0,0.0,0.0,-0.01,-0.005
0.672,0.0,-0.01,0.0,0.0,0.0,-0.01,-0.005
0.673,0.0,-0.01,0.0,0.0,0.0,-0.01,-0.005
0.674,0.0,-0.01,0.0,0.0,0.0,-0.01,-0.005
0.675,0.0,-0.01,0.0,0.0,0.0,-0.01,-0.005
0.676,0.0,-0.01,0.0,0.0,0.0,-0.01,-0.005
0.677,0.0,-0.01,0.0,0.0,0.0,-0.01,-0.005
0.678,0.0,-0.01,0.0,0.0,0.0,-0.01,-0.005
0.679,0.0,-0.01,0.0,0.0,0.0,-0.01,-0.005
0.68,0.0,-0.01,0.0,0.0,0.0,-0.01,-0.005
0.681,0.0,-0.01,0.0,0.0,0.0,-0.01,-0.005
0.682,0.0,-0.01,0.0,0.0,0.0,-0.01,-0.005
0.683,0.0,-0.01,0.0,0.0,0.0,-0.01,-0.005
0.684,0.0,-0.01,0.0,0.0,0.0,-0.01,-0.005
0.685,0.0,-0.01,0.0,0.0,0.0,-0.01,-0.005
0.686,0.0,-0.01,0.0,0.0,0.0,-0.01,-0.005
0.687,0.0,-0.01,0.0,0.0,0.0,-0.01,-0.005
0.688,0.0,-0.01,0.0,0.0,0.0,-0.01,-0.005
0.689,0.0,-0.01,0.0,0.0,0.0,-0.01,-0.005
0.69,0.0,-0.01,0.0,0.0,0.0,-0.01,-0.005
0.691,0.0,-0.01,0.0,0.0,0.0,-0.01,-0.005
0.692,0.0,-0.01,0.0,0.0,0.0,-0.01,-0.005
0.693,0.0,-0.01,0.0,0.0,0.0,-0.01,-0.005
0.694,0.0,-0.01,0.0,0.0,0.0,-0.01,-0.005
0.695,0.0,-0.01,0.0,0.0,0.0,-0.01,-0.005
0.696,0.0,-0.01,0.0,0.0,0.0,-0.01,-0.005
0.697,0.0,-0.01,0.0,0.0,0.0,-0.01,-0.005
0.698,0.0,-0.01,0.0,0.0,0.0,-0.01,-0.005
0.699,0.0,-0.01,0.0,0.0,0.0,-0.01,-0.005
0.7,0.0,-0.01,0.0,0.0,0.0,-0.01,-0.005
0.701,0.0,-0.01,0.0,0.0,0.0,-0.01,-0.005
0.702,0.0,-0.01,0.0,0.0,0.0,-0.01,-0.005
0.703,0.0,-0.01,0.0,0.0,0.0,-0.01,-0.005
0.704,0.0,-0.01,0.0,0.0,0.0,-0.01,-0.005
0.705,0.0,-0.01,0.0,0.0,0.0,-0.01,-0.005
0.706,0.0,-0.01,0.0,0.0,0.0,-0.01,-0.005
0.707,0.0,-0.01,0.0,0.0,0.0,-0.01,-0.005
0.708,0.0,-0.01,0.0,0.0,0.0,-0.01,-0.005
0.709,0.0,-0.01,0.0,0.0,0.0,-0.01,-0.005
0.71,0.0,-0.01,0.0,0.0,0.0,-0.01,-0.005
0.711,0.0,-0.01,0.0,0.0,0.0,-0.01,-0.005
0.712,0.0,-0.01,0.0,0.0,0.0,-0.01,-0.005
0.713,0.0,-0.01,0.0,0.0,0.0,-0.01,-0.005
0.714,0.0,-0.01,0.0,0.0,0.0,-0.01,-0.005
0.715,0.0,-0.01,0.0,0.0,0.0,-0.01,-0.005
0.716,0.0,-0.01,0.0,0.0,0.0,-0.01,-0.005
0.717,0.0,-0.01,0.0,0.0,0.0,-0.01,-0.005
0.718,0.0,-0.01,0.0,0.0,0.0,-0.01,-0.005
0.719,0.0,-0.01,0.0,0.0,0.0,-0.01,-0.005
0.72,0.0,-0.01,0.0,0.0,0.0,-0.01,-0.005
0.721,0.0,-0.01,0.0,0.0,0.0,-0.01,-0.005
0.722,0.0,-0.01,0.0,0.0,0.0,-0.01,-0.005
0.723,0.0,-0.01,0.0,0.0,0.0,-0.01,-0.005
0.724,0.0,-0.01,0.0,0.0,0.0,-0.01,-0.005
0.725,0.0,-0.01,0.0,0.0,0.0,-0.01,-0.005
0.726,0.0,-0.01,0.0,0.0,0.0,-0.01,-0.005
0.727,0.0,-0.01,0.0,0.0,0.0,-0.01,-0.005
0.728,0.0,-0.01,0.0,0.0,0.0,-0.01,-0.005
0.729,0.0,-0.01,0.0,0.0,0.0,-0.01,-0.005
0.73,0.0,-0.01,0.0,0.0,0.0,-0.01,-0.005
0.731,0.0,-0.01,0.0,0.0,0.0,-0.01,-0.005
0.732,0.0,-0.01,0.0,0.0,0.0,-0.01,-0.005
0.733,0.0,-0.01,0.0,0.0,0.0,-0.01,-0.005
0.734,0.0,-0.01,0.0,0.0,0.0,-0.01,-0.005
0.735,0.0,-0.01,0.0,0.0,0.0,-0.01,-0.005
0.736,0.0,-0.01,0.0,0.0,0.0,-0.01,-0.005
0.737,0.0,-0.01,0.0,0.0,0.0,-0.01,-0.005
0.738,0.0,-0.01,0.0,0.0,0.0,-0.01,-0.005
0.739,0.0,-0.01,0.0,0.0,0.0,-0.01,-0.005
0.74,0.0,-0.01,0.0,0.0,0.0,-0.01,-0.005
0.741,0.0,-0.01,0.0,0.0,0.0,-0.01,-0.005
0.742,0.0,-0.01,0.0,0.0,0.0,-0.01,-0.005
0.743,0.0,-0.01,0.0,0.0,0.0,-0.01,-0.005
0.744,0.0,-0.01,0.0,0.0,0.0,-0.01,-0.005
0.745,0.0,-0.01,0.0,0.0,0.0,-0.01,-0.005
0.746,0.0,-0.01,0.0,0.0,0.0,-0.01,-0.005
0.747,0.0,-0.01,0.0,0.0,0.0,-0.01,-0.005
0.748,0.0,-0.01,0.0,0.0,0.0,-0.01,-0.005
0.749,0.0,-0.01,0.0,0.0,0.0,-0.01,-0.005
0.75,0.0,-0.01,0.0,0.0,0.0,-0.01,-0.005
0.751,0.0,-0.01,0.0,0.0,0.0,-0.01,-0.005
0.752,0.0,-0.01,0.0,0.0,0.0,-0.01,-0.005
0.753,0.0,-0.01,0.0,0.0,0.0,-0.01,-0.005
0.754,0.0,-0.01,0.0,0.0,0.0,-0.01,-0.005
0.755,0.0,-0.01,0.0,0.0,0.0,-0.01,-0.005
0.756,0.0,-0.01,0.0,0.0,0.0,-0.01,-0.005
0.757,0.0,-0.01,0.0,0.0,0.0,-0.01,-0.005
0.758,0.0,-0.01,0.0,0.0,0.0,-0.01,-0.005
0.759,0.0,-0.01,0.0,0.0,0.0,-0.01,-0.005
0.76,0.0,-0.01,0.0,0.0,0.0,-0.01,-0.005
0.761,0.0,-0.01,0.0,0.0,0.0,-0.01,-0.005
0.762,0.0,-0.01,0.0,0.0,0.0,-0.01,-0.005
0.763,0.0,-0.01,0.0,0.0,0.0,-0.01,-0.005
0.764,0.0,-0.01,0.0,0.0,0.0,-0.01,-0.005
0.765,0.0,-0.01,0.0,0.0,0.0,-0.01,-0.005
0.766,0.0,-0.01,0.0,0.0,0.0,-0.01,-0.005
0.767,0.0,-0.01,0.0,0.0,0.0,-0.01,-0.005
0.768,0.0,-0.01,0.0,0.0,0.0,-0.01,-0.005
0.769,0.0,-0.01,0.0,0.0,0.0,-0.01,-0.005
0.77,0.0,-0.01,0.0,0.0,0.0,-0.01,-0.005
0.771,0.0,-0.01,0.0,0.0,0.0,-0.01,-0.005
0.772,0.0,-0.01,0.0,0.0,0.0,-0.01,-0.005
0.773,0.0,-0.01,0.0,0.0,0.0,-0.01,-0.005
0.774,0.0,-0.01,0.0,0.0,0.0,-0.01,-0.005
0.775,0.0,-0.01,0.0,0.0,0.0,-0.01,-0.005
0.776,0.0,-0.01,0.0,0.0,0.0,-0.01,-0.005
0.777,0.0,-0.01,0.0,0.0,0.0,-0.01,-0.005
0.778,0.0,-0.01,0.0,0.0,0.0,-0.01,-0.005
0.779,0.0,-0.01,0.0,0.0,0.0,-0.01,-0.005
0.78,0.0,-0.01,0.0,0.0,0.0,-0.01,-0.005
0.781,0.0,-0.01,0.0,0.0,0.0,-0.01,-0.005
0.782,0.0,-0.01,0.0,0.0,0.0,-0.01,-0.005
0.783,0.0,-0.01,0.0,0.0,0.0,-0.01,-0.005
0.784,0.0,-0.01,0.0,0.0,0.0,-0.01,-0.005
0.785,0.0,-0.01,0.0,0.0,0.0,-0.01,-0.005
0.786,0.0,-0.01,0.0,0.0,0.0,-0.01,-0.005
0.787,0.0,-0.01,0.0,0.0,0.0,-0.01,-0.005
0.788,0.0,-0.01,0.0,0.0,0.0,-0.01,-0.005
0.789,0.0,-0.01,0.0,0.0,0.0,-0.01,-0.005
0.79,0.0,-0.01,0.0,0.0,0.0,-0.01,-0.005
0.791,0.0,-0.01,0.0,0.0,0.0,-0.01,-0.005
0.792,0.0,-0.01,0.0,0.0,0.0,-0.01,-0.005
0.793,0.0,-0.01,0.0,0.0,0.0,-0.01,-0.005
0.794,0.0,-0.01,0.0,0.0,0.0,-0.01,-0.005
0.795,0.0,-0.01,0.0,0.0,0.0,-0.01,-0.005
0.796,0.0,-0.01,0.0,0.0,0.0,-0.01,-0.005
0.797,0.0,-0.01,0.0,0.0,0.0,-0.01,-0.005
0.798,0.0,-0.01,0.0,0.0,0.0,-0.01,-0.005
0.799,0.0,-0.01,0.0,0.0,0.0,-0.01,-0.005
0.8,0.0,-0.01,0.0,0.0,0.0,-0.01,-0.005
0.801,0.0,-0.01,0.0,0.0,0.0,-0.01,-0.005
0.802,0.0,-0.01,0.0,0.0,0.0,-0.01,-0.005
0.803,0.0,-0.01,0.0,0.0,0.0,-0.01,-0.005
0.804,0.0,-0.01,0.0,0.0,0.0,-0.01,-0.005
0.805,0.0,-0.01,0.0,0.0,0.0,-0.01,-0.005
0.806,0.0,-0.01,0.0,0.0,0.0,-0.01,-0.005
0.807,0.0,-0.01,0.0,0.0,0.0,-0.01,-0.005
0.808,0.0,-0.01,0.0,0.0,0.0,-0.01,-0.005
0.809,0.0,-0.01,0.0,0.0,0.0,-0.01,-0.005
0.81,0.0,-0.01,0.0,0.0,0.0,-0.01,-0.005
0.811,0.0,-0.01,0.0,0.0,0.0,-0.01,-0.005
0.812,0.0,-0.01,0.0,0.0,0.0,-0.01,-0.005
0.813,0.0,-0.01,0.0,0.0,0.0,-0.01,-0.005
0.814,0.0,-0.01,0.0,0.0,0.0,-0.01,-0.005
0.815,0.0,-0.01,0.0,0.0,0.0,-0.01,-0.005
0.816,0.0,-0.01,0.0,0.0,0.0,-0.01,-0.005
0.817,0.0,-0.01,0.0,0.0,0.0,-0.01,-0.005
0.818,0.0,-0.01,0.0,0.0,0.0,-0.01,-0.005
0.819,0.0,-0.01,0.0,0.0,0.0,-0.01,-0.005
0.82,0.0,-0.01,0.0,0.0,0.0,-0.01,-0.005
0.821,0.0,-0.01,0.0,0.0,0.0,-0.01,-0.005
0.822,0.0,-0.01,0.0,0.0,0.0,-0.01,-0.005
0.823,0.0,-0.01,0.0,0.0,0.0,-0.01,-0.005
0.824,0.0,-0.01,0.0,0.0,0.0,-0.01,-0.005
0.825,0.0,-0.01,0.0,0.0,0.0,-0.01,-0.005
0.826,0.0,-0.01,0.0,0.0,0.0,-0.01,-0.005
0.827,0.0,-0.01,0.0,0.0,0.0,-0.01,-0.005
0.828,0.0,-0.01,0.0,0.0,0.0,-0.01,-0.005
0.829,0.0,-0.01,0.0,0.0,0.0,-0.01,-0.005
0.83,0.0,-0.01,0.0,0.0,0.0,-0.01,-0.005
0.831,0.0,-0.01,0.0,0.0,0.0,-0.01,-0.005
0.832,0.0,-0.01,0.0,0.0,0.0,-0.01,-0.005
0.833,0.0,-0.01,0.0,0.0,0.0,-0.01,-0.005
0.834,0.0,-0.01,0.0,0.0,0.0,-0.01,-0.005
0.835,0.0,-0.01,0.0,0.0,0.0,-0.01,-0.005
0.836,0.0,-0.01,0.0,0.0,0.0,-0.01,-0.005
0.837,0.0,-0.01,0.0,0.0,0.0,-0.01,-0.005
0.838,0.0,-0.01,0.0,0.0,0.0,-0.01,-0.005
0.839,0.0,-0.01,0.0,0.0,0.0,-0.01,-0.005
0.84,0.0,-0.01,0.0,0.0,0.0,-0.01,-0.005
0.841,0.0,-0.01,0.0,0.0,0.0,-0.01,-0.005
0.842,0.0,-0.01,0.0,0.0,0.0,-0.01,-0.005
0.843,0.0,-0.01,0.0,0.0,0.0,-0.01,-0.005
0.844,0.0,-0.01,0.0,0.0,0.0,-0.01,-0.005
0.845,0.0,-0.01,0.0,0.0,0.0,-0.01,-0.005
0.846,0.0,-0.01,0.0,0.0,0.0,-0.01,-0.005
0.847,0.0,-0.01,0.0,0.0,0.0,-0.01,-0.005
0.848,0.0,-0.01,0.0,0.0,0.0,-0.01,-0.005
0.849,0.0,-0.01,0.0,0.0,0.0,-0.01,-0.005
0.85,0.0,-0.01,0.0,0.0,0.0,-0.01,-0.005
0.851,0.0,-0.01,0.0,0.0,0.0,-0.01,-0.005
0.852,0.0,-0.01,0.0,0.0,0.0,-0.01,-0.005
0.853,0.0,-0.01,0.0,0.0,0.0,-0.01,-0.005
0.854,0.0,-0.01,0.0,0.0,0.0,-0.01,-0.005
0.855,0.0,-0.01,0.0,0.0,0.0,-0.01,-0.005
0.856,0.0,-0.01,0.0,0.0,0.0,-0.01,-0.005
0.857,0.0,-0.01,0.0,0.0,0.0,-0.01,-0.005
0.858,0.0,-0.01,0.0,0.0,0.0,-0.01,-0.005
0.859,0.0,-0.01,0.0,0.0,0.0,-0.01,-0.005
0.86,0.0,-0.01,0.0,0.0,0.0,-0.01,-0.005
0.861,0.0,-0.01,0.0,0.0,0.0,-0.01,-0.005
0.862,0.0,-0.01,0.0,0.0,0.0,-0.01,-0.005
0.863,0.0,-0.01,0.0,0.0,0.0,-0.01,-0.005
0.864,0.0,-0.01,0.0,0.0,0.0,-0.01,-0.005
0.865,0.0,-0.01,0.0,0.0,0.0,-0.01,-0.005
0.866,0.0,-0.01,0.0,0.0,0.0,-0.01,-0.005
0.867,0.0,-0.01,0.0,0.0,0.0,-0.01,-0.005
0.868,0.0,-0.01,0.0,0.0,0.0,-0.01,-0.005
0.869,0.0,-0.01,0.0,0.0,0.0,-0.01,-0.005
0.87,0.0,-0.01,0.0,0.0,0.0,-0.01,-0.005
0.871,0.0,-0.01,0.0,0.0,0.0,-0.01,-0.005
0.872,0.0,-0.01,0.0,0.0,0.0,-0.01,-0.005
0.873,0.0,-0.01,0.0,0.0,0.0,-0.01,-0.005
0.874,0.0,-0.01,0.0,0.0,0.0,-0.01,-0.005
0.875,0.0,-0.01,0.0,0.0,0.0,-0.01,-0.005
0.876,0.0,-0.01,0.0,0.0,0.0,-0.01,-0.005
0.877,0.0,-0.01,0.0,0.0,0.0,-0.01,-0.005
0.878,0.0,-0.01,0.0,0.0,0.0,-0.01,-0.005
0.879,0.0,-0.01,0.0,0.0,0.0,-0.01,-0.005
0.88,0.0,-0.01,0.0,0.0,0.0,-0.01,-0.005
0.881,0.0,-0.01,0.0,0.0,0.0,-0.01,-0.005
0.882,0.0,-0.01,0.0,0.0,0.0,-0.01,-0.005
0.883,0.0,-0.01,0.0,0.0,0.0,-0.01,-0.005
0.884,0.0,-0.01,0.0,0.0,0.0,-0.01,-0.005
0.885,0.0,-0.01,0.0,0.0,0.0,-0.01,-0.005
0.886,0.0,-0.01,0.0,0.0,0.0,-0.01,-0.005
0.887,0.0,-0.01,0.0,0.0,0.0,-0.01,-0.005
0.888,0.0,-0.01,0.0,0.0,0.0,-0.01,-0.005
0.889,0.0,-0.01,0.0,0.0,0.0,-0.01,-0.005
0.89,0.0,-0.01,0.0,0.0,0.0,-0.01,-0.005
0.891,0.0,-0.01,0.0,0.0,0.0,-0.01,-0.005
0.892,0.0,-0.01,0.0,0.0,0.0,-0.01,-0.005
0.893,0.0,-0.01,0.0,0.0,0.0,-0.01,-0.005
0.894,0.0,-0.01,0.0,0.0,0.0,-0.01,-0.005
0.895,0.0,-0.01,0.0,0.0,0.0,-0.01,-0.005
0.896,0.0,-0.01,0.0,0.0,0.0,-0.01,-0.005
0.897,0.0,-0.01,0.0,0.0,0.0,-0.01,-0.005
0.898,0.0,-0.01,0.0,0.0,0.0,-0.01,-0.005
0.899,0.0,-0.01,0.0,0.0,0.0,-0.01,-0.005
0.9,0.0,-0.01,0.0,0.0,0.0,-0.01,-0.005
0.901,0.0,-0.01,0.0,0.0,0.0,-0.01,-0.005
0.902,0.0,-0.01,0.0,0.0,0.0,-0.01,-0.005
0.903,0.0,-0.01,0.0,0.0,0.0,-0.01,-0.005
0.904,0.0,-0.01,0.0,0.0,0.0,-0.01,-0.005
0.905,0.0,-0.01,0.0,0.0,0.0,-0.01,-0.005
0.906,0.0,-0.01,0.0,0.0,0.0,-0.01,-0.005
0.907,0.0,-0.01,0.0,0.0,0.0,-0.01,-0.005
0.908,0.0,-0.01,0.0,0.0,0.0,-0.01,-0.005
0.909,0.0,-0.01,0.0,0.0,0.0,-0.01,-0.005
0.91,0.0,-0.01,0.0,0.0,0.0,-0.01,-0.005
0.911,0.0,-0.01,0.0,0.0,0.0,-0.01,-0.005
0.912,0.0,-0.01,0.0,0.0,0.0,-0.01,-0.005
0.913,0.0,-0.01,0.0,0.0,0.0,-0.01,-0.005
0.914,0.0,-0.01,0.0,0.0,0.0,-0.01,-0.005
0.915,0.0,-0.01,0.0,0.0,0.0,-0.01,-0.005
0.916,0.0,-0.01,0.0,0.0,0.0,-0.01,-0.005
0.917,0.0,-0.01,0.0,0.0,0.0,-0.01,-0.005
0.918,0.0,-0.01,0.0,0.0,0.0,-0.01,-0.005
0.919,0.0,-0.01,0.0,0.0,0.0,-0.01,-0.005
0.92,0.0,-0.01,0.0,0.0,0.0,-0.01,-0.005
0.921,0.0,-0.01,0.0,0.0,0.0,-0.01,-0.005
0.922,0.0,-0.01,0.0,0.0,0.0,-0.01,-0.005
0.923,0.0,-0.01,0.0,0.0,0.0,-0.01,-0.005
0.924,0.0,-0.01,0.0,0.0,0.0,-0.01,-0.005
0.925,0.0,-0.01,0.0,0.0,0.0,-0.01,-0.005
0.926,0.0,-0.01,0.0,0.0,0.0,-0.01,-0.005
0.927,0.0,-0.01,0.0,0.0,0.0,-0.01,-0.005
0.928,0.0,-0.01,0.0,0.0,0.0,-0.01,-0.005
0.929,0.0,-0.01,0.0,0.0,0.0,-0.01,-0.005
0.93,0.0,-0.01,0.0,0.0,0.0,-0.01,-0.005
0.931,0.0,-0.01,0.0,0.0,0.0,-0.01,-0.005
0.932,0.0,-0.01,0.0,0.0,0.0,-0.01,-0.005
0.933,0.0,-0.01,0.0,0.0,0.0,-0.01,-0.005
0.934,0.0,-0.01,0.0,0.0,0.0,-0.01,-0.005
0.935,0.0,-0.01,0.0,0.0,0.0,-0.01,-0.005
0.936,0.0,-0.01,0.0,0.0,0.0,-0.01,-0.005
0.937,0.0,-0.01,0.0,0.0,0.0,-0.01,-0.005
0.938,0.0,-0.01,0.0,0.0,0.0,-0.01,-0.005
0.939,0.0,-0.01,0.0,0.0,0.0,-0.01,-0.005
0.94,0.0,-0.01,0.0,0.0,0.0,-0.01,-0.005
0.941,0.0,-0.01,0.0,0.0,0.0,-0.01,-0.005
0.942,0.0,-0.01,0.0,0.0,0.0,-0.01,-0.005
0.943,0.0,-0.01,0.0,0.0,0.0,-0.01,-0.005
0.944,0.0,-0.01,0.0,0.0,0.0,-0.01,-0.005
0.945,0.0,-0.01,0.0,0.0,0.0,-0.01,-0.005
0.946,0.0,-0.01,0.0,0.0,0.0,-0.01,-0.005
0.947,0.0,-0.01,0.0,0.0,0.0,-0.01,-0.005
0.948,0.0,-0.01,0.0,0.0,0.0,-0.01,-0.005
0.949,0.0,-0.01,0.0,0.0,0.0,-0.01,-0.005
0.95,0.0,-0.01,0.0,0.0,0.0,-0.01,-0.005
0.951,0.0,-0.01,0.0,0.0,0.0,-0.01,-0.005
0.952,0.0,-0.01,0.0,0.0,0.0,-0.01,-0.005
0.953,0.0,-0.01,0.0,0.0,0.0,-0.01,-0.005
0.954,0.0,-0.01,0.0,0.0,0.0,-0.01,-0.005
0.955,0.0,-0.01,0.0,0.0,0.0,-0.01,-0.005
0.956,0.0,-0.01,0.0,0.0,0.0,-0.01,-0.005
0.957,0.0,-0.01,0.0,0.0,0.0,-0.01,-0.005
0.958,0.0,-0.01,0.0,0.0,0.0,-0.01,-0.005
0.959,0.0,-0.01,0.0,0.0,0.0,-0.01,-0.005
0.96,0.0,-0.01,0.0,0.0,0.0,-0.01,-0.005
0.961,0.0,-0.01,0.0,0.0,0.0,-0.01,-0.005
0.962,0.0,-0.01,0.0,0.0,0.0,-0.01,-0.005
0.963,0.0,-0.01,0.0,0.0,0.0,-0.01,-0.005
0.964,0.0,-0.01,0.0,0.0,0.0,-0.01,-0.005
0.965,0.0,-0.01,0.0,0.0,0.0,-0.01,-0.005
0.966,0.0,-0.01,0.0,0.0,0.0,-0.01,-0.005
0.967,0.0,-0.01,0.0,0.0,0.0,-0.01,-0.005
0.968,0.0,-0.01,0.0,0.0,0.0,-0.01,-0.005
0.969,0.0,-0.01,0.0,0.0,0.0,-0.01,-0.005
0.97,0.0,-0.01,0.0,0.0,0.0,-0.01,-0.005
0.971,0.0,-0.01,0.0,0.0,0.0,-0.01,-0.005
0.972,0.0,-0.01,0.0,0.0,0.0,-0.01,-0.005
0.973,0.0,-0.01,0.0,0.0,0.0,-0.01,-0.005
0.974,0.0,-0.01,0.0,0.0,0.0,-0.01,-0.005
0.975,0.0,-0.01,0.0,0.0,0.0,-0.01,-0.005
0.976,0.0,-0.01,0.0,0.0,0.0,-0.01,-0.005
0.977,0.0,-0.01,0.0,0.0,0.0,-0.01,-0.005
0.978,0.0,-0.01,0.0,0.0,0.0,-0.01,-0.005
0.979,0.0,-0.01,0.0,0.0,0.0,-0.01,-0.005
0.98,0.0,-0.01,0.0,0.0,0.0,-0.01,-0.005
0.981,0.0,-0.01,0.0,0.0,0.0,-0.01,-0.005
0.982,0.0,-0.01,0.0,0.0,0.0,-0.01,-0.005
0.983,0.0,-0.01,0.0,0.0,0.0,-0.01,-0.005
0.984,0.0,-0.01,0.0,0.0,0.0,-0.01,-0.005
0.985,0.0,-0.01,0.0,0.0,0.0,-0.01,-0.005
0.986,0.0,-0.01,0.0,0.0,0.0,-0.01,-0.005
0.987,0.0,-0.01,0.0,0.0,0.0,-0.01,-0.005
0.988,0.0,-0.01,0.0,0.0,0.0,-0.01,-0.005
0.989,0.0,-0.01,0.0,0.0,0.0,-0.01,-0.005
0.99,0.0,-0.01,0.0,0.0,0.0,-0.01,-0.005
0.991,0.0,-0.01,0.0,0.0,0.0,-0.01,-0.005
0.992,0.0,-0.01,0.0,0.0,0.0,-0.01,-0.005
0.993,0.0,-0.01,0.0,0.0,0.0,-0.01,-0.005
0.994,0.0,-0.01,0.0,0.0,0.0,-0.01,-0.005
0.995,0.0,-0.01,0.0,0.0,0.0,-0.01,-0.005
0.996,0.0,-0.01,0.0,0.0,0.0,-0.01,-0.005
0.997,0.0,-0.01,0.0,0.0,0.0,-0.01,-0.005
0.998,0.0,-0.01,0.0,0.0,0.0,-0.01,-0.005
0.999,0.0,-0.01,0.0,0.0,0.0,-0.01,-0.005
1.0,0.0,-0.01,0.0,0.0,0.0,-0.01,-0.005
1.001,0.0,-0.01,0.0,0.0,0.0,-0.01,-0.005
1.002,0.0,-0.01,0.0,0.0,0.0,-0.01,-0.005
1.003,0.0,-0.01,0.0,0.0,0.0,-0.01,-0.005
1.004,0.0,-0.01,0.0,0.0,0.0,-0.01,-0.005
1.005,0.0,-0.01,0.0,0.0,0.0,-0.01,-0.005
1.006,0.0,-0.01,0.0,0.0,0.0,-0.01,-0.005
1.007,0.0,-0.01,0.0,0.0,0.0,-0.01,-0.005
1.008,0.0,-0.01,0.0,0.0,0.0,-0.01,-0.005
1.009,0.0,-0.01,0.0,0.0,0.0,-0.01,-0.005
1.01,0.0,-0.01,0.0,0.0,0.0,-0.01,-0.005
1.011,0.0,-0.01,0.0,0.0,0.0,-0.01,-0.005
1.012,0.0,-0.01,0.0,0.0,0.0,-0.01,-0.005
1.013,0.0,-0.01,0.0,0.0,0.0,-0.01,-0.005
1.014,0.0,-0.01,0.0,0.0,0.0,-0.01,-0.005
1.015,0.0,-0.01,0.0,0.0,0.0,-0.01,-0.005
1.016,0.0,-0.01,0.0,0.0,0.0,-0.01,-0.005
1.017,0.0,-0.01,0.0,0.0,0.0,-0.01,-0.005
1.018,0.0,-0.01,0.0,0.0,0.0,-0.01,-0.005
1.019,0.0,-0.01,0.0,0.0,0.0,-0.01,-0.005
1.02,0.0,-0.01,0.0,0.0,0.0,-0.01,-0.005
1.021,0.0,-0.01,0.0,0.0,0.0,-0.01,-0.005
1.022,0.0,-0.01,0.0,0.0,0.0,-0.01,-0.005
1.023,0.0,-0.01,0.0,0.0,0.0,-0.01,-0.005
1.024,0.0,-0.01,0.0,0.0,0.0,-0.01,-0.005
1.025,0.0,-0.01,0.0,0.0,0.0,-0.01,-0.005
1.026,0.0,-0.01,0.0,0.0,0.0,-0.01,-0.005
1.027,0.0,-0.01,0.0,0.0,0.0,-0.01,-0.005
1.028,0.0,-0.01,0.0,0.0,0.0,-0.01,-0.005
1.029,0.0,-0.01,0.0,0.0,0.0,-0.01,-0.005
1.03,0.0,-0.01,0.0,0.0,0.0,-0.01,-0.005
1.031,0.0,-0.01,0.0,0.0,0.0,-0.01,-0.005
1.032,0.0,-0.01,0.0,0.0,0.0,-0.01,-0.005
1.033,0.0,-0.01,0.0,0.0,0.0,-0.01,-0.005
1.034,0.0,-0.01,0.0,0.0,0.0,-0.01,-0.005
1.035,0.0,-0.01,0.0,0.0,0.0,-0.01,-0.005
1.036,0.0,-0.01,0.0,0.0,0.0,-0.01,-0.005
1.037,0.0,-0.01,0.0,0.0,0.0,-0.01,-0.005
1.038,0.0,-0.01,0.0,0.0,0.0,-0.01,-0.005
1.039,0.0,-0.01,0.0,0.0,0.0,-0.01,-0.005
1.04,0.0,-0.01,0.0,0.0,0.0,-0.01,-0.005
1.041,0.0,-0.01,0.0,0.0,0.0,-0.01,-0.005
1.042,0.0,-0.01,0.0,0.0,0.0,-0.01,-0.005
1.043,0.0,-0.01,0.0,0.0,0.0,-0.01,-0.005
1.044,0.0,-0.01,0.0,0.0,0.0,-0.01,-0.005
1.045,0.0,-0.01,0.0,0.0,0.0,-0.01,-0.005
1.046,0.0,-0.01,0.0,0.0,0.0,-0.01,-0.005
1.047,0.0,-0.01,0.0,0.0,0.0,-0.01,-0.005
1.048,0.0,-0.01,0.0,0.0,0.0,-0.01,-0.005
1.049,0.0,-0.01,0.0,0.0,0.0,-0.01,-0.005
1.05,0.0,-0.01,0.0,0.0,0.0,-0.01,-0.005
1.051,0.0,-0.01,0.0,0.0,0.0,-0.01,-0.005
1.052,0.0,-0.01,0.0,0.0,0.0,-0.01,-0.005
1.053,0.0,-0.01,0.0,0.0,0.0,-0.01,-0.005
1.054,0.0,-0.01,0.0,0.0,0.0,-0.01,-0.005
1.055,0.0,-0.01,0.0,0.0,0.0,-0.01,-0.005
1.056,0.0,-0.01,0.0,0.0,0.0,-0.01,-0.005
1.057,0.0,-0.01,0.0,0.0,0.0,-0.01,-0.005
1.058,0.0,-0.01,0.0,0.0,0.0,-0.01,-0.005
1.059,0.0,-0.01,0.0,0.0,0.0,-0.01,-0.005
1.06,0.0,-0.01,0.0,0.0,0.0,-0.01,-0.005
1.061,0.0,-0.01,0.0,0.0,0.0,-0.01,-0.005
1.062,0.0,-0.01,0.0,0.0,0.0,-0.01,-0.005
1.063,0.0,-0.01,0.0,0.0,0.0,-0.01,-0.005
1.064,0.0,-0.01,0.0,0.0,0.0,-0.01,-0.005
1.065,0.0,-0.01,0.0,0.0,0.0,-0.01,-0.005
1.066,0.0,-0.01,0.0,0.0,0.0,-0.01,-0.005
1.067,0.0,-0.01,0.0,0.0,0.0,-0.01,-0.005
1.068,0.0,-0.01,0.0,0.0,0.0,-0.01,-0.005
1.069,0.0,-0.01,0.0,0.0,0.0,-0.01,-0.005
1.07,0.0,-0.01,0.0,0.0,0.0,-0.01,-0.005
1.071,0.0,-0.01,0.0,0.0,0.0,-0.01,-0.005
1.072,0.0,-0.01,0.0,0.0,0.0,-0.01,-0.005
1.073,0.0,-0.01,0.0,0.0,0.0,-0.01,-0.005
1.074,0.0,-0.01,0.0,0.0,0.0,-0.01,-0.005
1.075,0.0,-0.01,0.0,0.0,0.0,-0.01,-0.005
1.076,0.0,-0.01,0.0,0.0,0.0,-0.01,-0.005
1.077,0.0,-0.01,0.0,0.0,0.0,-0.01,-0.005
1.078,0.0,-0.01,0.0,0.0,0.0,-0.01,-0.005
1.079,0.0,-0.01,0.0,0.0,0.0,-0.01,-0.005
1.08,0.0,-0.01,0.0,0.0,0.0,-0.01,-0.005
1.081,0.0,-0.01,0.0,0.0,0.0,-0.01,-0.005
1.082,0.0,-0.01,0.0,0.0,0.0,-0.01,-0.005
1.083,0.0,-0.01,0.0,0.0,0.0,-0.01,-0.005
1.084,0.0,-0.01,0.0,0.0,0.0,-0.01,-0.005
1.085,0.0,-0.01,0.0,0.0,0.0,-0.01,-0.005
1.086,0.0,-0.01,0.0,0.0,0.0,-0.01,-0.005
1.087,0.0,-0.01,0.0,0.0,0.0,-0.01,-0.005
1.088,0.0,-0.01,0.0,0.0,0.0,-0.01,-0.005
1.089,0.0,-0.01,0.0,0.0,0.0,-0.01,-0.005
1.09,0.0,-0.01,0.0,0.0,0.0,-0.01,-0.005
1.091,0.0,-0.01,0.0,0.0,0.0,-0.01,-0.005
1.092,0.0,-0.01,0.0,0.0,0.0,-0.01,-0.005
1.093,0.0,-0.01,0.0,0.0,0.0,-0.01,-0.005
1.094,0.0,-0.01,0.0,0.0,0.0,-0.01,-0.005
1.095,0.0,-0.01,0.0,0.0,0.0,-0.01,-0.005
1.096,0.0,-0.01,0.0,0.0,0.0,-0.01,-0.005
1.097,0.0,-0.01,0.0,0.0,0.0,-0.01,-0.005
1.098,0.0,-0.01,0.0,0.0,0.0,-0.01,-0.005
1.099,0.0,-0.01,0.0,0.0,0.0,-0.01,-0.005
1.1,0.0,-0.01,0.0,0.0,0.0,-0.01,-0.005
1.101,0.0,-0.01,0.0,0.0,0.0,-0.01,-0.005
1.102,0.0,-0.01,0.0,0.0,0.0,-0.01,-0.005
1.103,0.0,-0.01,0.0,0.0,0.0,-0.01,-0.005
1.104,0.0,-0.01,0.0,0.0,0.0,-0.01,-0.005
1.105,0.0,-0.01,0.0,0.0,0.0,-0.01,-0.005
1.106,0.0,-0.01,0.0,0.0,0.0,-0.01,-0.005
1.107,0.0,-0.01,0.0,0.0,0.0,-0.01,-0.005
1.108,0.0,-0.01,0.0,0.0,0.0,-0.01,-0.005
1.109,0.0,-0.01,0.0,0.0,0.0,-0.01,-0.005
1.11,0.0,-0.01,0.0,0.0,0.0,-0.01,-0.005
1.111,0.0,-0.01,0.0,0.0,0.0,-0.01,-0.005
1.112,0.0,-0.01,0.0,0.0,0.0,-0.01,-0.005
1.113,0.0,-0.01,0.0,0.0,0.0,-0.01,-0.005
1.114,0.0,-0.01,0.0,0.0,0.0,-0.01,-0.005
1.115,0.0,-0.01,0.0,0.0,0.0,-0.01,-0.005
1.116,0.0,-0.01,0.0,0.0,0.0,-0.01,-0.005
1.117,0.0,-0.01,0.0,0.0,0.0,-0.01,-0.005
1.118,0.0,-0.01,0.0,0.0,0.0,-0.01,-0.005
1.119,0.0,-0.01,0.0,0.0,0.0,-0.01,-0.005
1.12,0.0,-0.01,0.0,0.0,0.0,-0.01,-0.005
1.121,0.0,-0.01,0.0,0.0,0.0,-0.01,-0.005
1.122,0.0,-0.01,0.0,0.0,0.0,-0.01,-0.005
1.123,0.0,-0.01,0.0,0.0,0.0,-0.01,-0.005
1.124,0.0,-0.01,0.0,0.0,0.0,-0.01,-0.005
1.125,0.0,-0.01,0.0,0.0,0.0,-0.01,-0.005
1.126,0.0,-0.01,0.0,0.0,0.0,-0.01,-0.005
1.127,0.0,-0.01,0.0,0.0,0.0,-0.01,-0.005
1.128,0.0,-0.01,0.0,0.0,0.0,-0.01,-0.005
1.129,0.0,-0.01,0.0,0.0,0.0,-0.01,-0.005
1.13,0.0,-0.01,0.0,0.0,0.0,-0.01,-0.005
1.131,0.0,-0.01,0.0,0.0,0.0,-0.01,-0.005
1.132,0.0,-0.01,0.0,0.0,0.0,-0.01,-0.005
1.133,0.0,-0.01,0.0,0.0,0.0,-0.01,-0.005
1.134,0.0,-0.01,0.0,0.0,0.0,-0.01,-0.005
1.135,0.0,-0.01,0.0,0.0,0.0,-0.01,-0.005
1.136,0.0,-0.01,0.0,0.0,0.0,-0.01,-0.005
1.137,0.0,-0.01,0.0,0.0,0.0,-0.01,-0.005
1.138,0.0,-0.01,0.0,0.0,0.0,-0.01,-0.005
1.139,0.0,-0.01,0.0,0.0,0.0,-0.01,-0.005
1.14,0.0,-0.01,0.0,0.0,0.0,-0.01,-0.005
1.141,0.0,-0.01,0.0,0.0,0.0,-0.01,-0.005
1.142,0.0,-0.01,0.0,0.0,0.0,-0.01,-0.005
1.143,0.0,-0.01,0.0,0.0,0.0,-0.01,-0.005
1.144,0.0,-0.01,0.0,0.0,0.0,-0.01,-0.005
1.145,0.0,-0.01,0.0,0.0,0.0,-0.01,-0.005
1.146,0.0,-0.01,0.0,0.0,0.0,-0.01,-0.005
1.147,0.0,-0.01,0.0,0.0,0.0,-0.01,-0.005
1.148,0.0,-0.01,0.0,0.0,0.0,-0.01,-0.005
1.149,0.0,-0.01,0.0,0.0,0.0,-0.01,-0.005
1.15,0.0,-0.01,0.0,0.0,0.0,-0.01,-0.005
1.151,0.0,-0.01,0.0,0.0,0.0,-0.01,-0.005
1.152,0.0,-0.01,0.0,0.0,0.0,-0.01,-0.005
1.153,0.0,-0.01,0.0,0.0,0.0,-0.01,-0.005
1.154,0.0,-0.01,0.0,0.0,0.0,-0.01,-0.005
1.155,0.0,-0.01,0.0,0.0,0.0,-0.01,-0.005
1.156,0.0,-0.01,0.0,0.0,0.0,-0.01,-0.005
1.157,0.0,-0.01,0.0,0.0,0.0,-0.01,-0.005
1.158,0.0,-0.01,0.0,0.0,0.0,-0.01,-0.005
1.159,0.0,-0.01,0.0,0.0,0.0,-0.01,-0.005
1.16,0.0,-0.01,0.0,0.0,0.0,-0.01,-0.005
1.161,0.0,-0.01,0.0,0.0,0.0,-0.01,-0.005
1.162,0.0,-0.01,0.0,0.0,0.0,-0.01,-0.005
1.163,0.0,-0.01,0.0,0.0,0.0,-0.01,-0.005
1.164,0.0,-0.01,0.0,0.0,0.0,-0.01,-0.005
1.165,0.0,-0.01,0.0,0.0,0.0,-0.01,-0.005
1.166,0.0,-0.01,0.0,0.0,0.0,-0.01,-0.005
1.167,0.0,-0.01,0.0,0.0,0.0,-0.01,-0.005
1.168,0.0,-0.01,0.0,0.0,0.0,-0.01,-0.005
1.169,0.0,-0.01,0.0,0.0,0.0,-0.01,-0.005
1.17,0.0,-0.01,0.0,0.0,0.0,-0.01,-0.005
1.171,0.0,-0.01,0.0,0.0,0.0,-0.01,-0.005
1.172,0.0,-0.01,0.0,0.0,0.0,-0.01,-0.005
1.173,0.0,-0.01,0.0,0.0,0.0,-0.01,-0.005
1.174,0.0,-0.01,0.0,0.0,0.0,-0.01,-0.005
1.175,0.0,-0.01,0.0,0.0,0.0,-0.01,-0.005
1.176,0.0,-0.01,0.0,0.0,0.0,-0.01,-0.005
1.177,0.0,-0.01,0.0,0.0,0.0,-0.01,-0.005
1.178,0.0,-0.01,0.0,0.0,0.0,-0.01,-0.005
1.179,0.0,-0.01,0.0,0.0,0.0,-0.01,-0.005
1.18,0.0,-0.01,0.0,0.0,0.0,-0.01,-0.005
1.181,0.0,-0.01,0.0,0.0,0.0,-0.01,-0.005
1.182,0.0,-0.01,0.0,0.0,0.0,-0.01,-0.005
1.183,0.0,-0.01,0.0,0.0,0.0,-0.01,-0.005
1.184,0.0,-0.01,0.0,0.0,0.0,-0.01,-0.005
1.185,0.0,-0.01,0.0,0.0,0.0,-0.01,-0.005
1.186,0.0,-0.01,0.0,0.0,0.0,-0.01,-0.005
1.187,0.0,-0.01,0.0,0.0,0.0,-0.01,-0.005
1.188,0.0,-0.01,0.0,0.0,0.0,-0.01,-0.005
1.189,0.0,-0.01,0.0,0.0,0.0,-0.01,-0.005
1.19,0.0,-0.01,0.0,0.0,0.0,-0.01,-0.005
1.191,0.0,-0.01,0.0,0.0,0.0,-0.01,-0.005
1.192,0.0,-0.01,0.0,0.0,0.0,-0.01,-0.005
1.193,0.0,-0.01,0.0,0.0,0.0,-0.01,-0.005
1.194,0.0,-0.01,0.0,0.0,0.0,-0.01,-0.005
1.195,0.0,-0.01,0.0,0.0,0.0,-0.01,-0.005
1.196,0.0,-0.01,0.0,0.0,0.0,-0.01,-0.005
1.197,0.0,-0.01,0.0,0.0,0.0,-0.01,-0.005
1.198,0.0,-0.01,0.0,0.0,0.0,-0.01,-0.005
1.199,0.0,-0.01,0.0,0.0,0.0,-0.01,-0.005
1.2,0.0,-0.01,0.0,0.0,0.0,-0.01,-0.005
1.201,0.0,-0.01,0.0,0.0,0.0,-0.01,-0.005
1.202,0.0,-0.01,0.0,0.0,0.0,-0.01,-0.005
1.203,0.0,-0.01,0.0,0.0,0.0,-0.01,-0.005
1.204,0.0,-0.01,0.0,0.0,0.0,-0.01,-0.005
1.205,0.0,-0.01,0.0,0.0,0.0,-0.01,-0.005
1.206,0.0,-0.01,0.0,0.0,0.0,-0.01,-0.005
1.207,0.0,-0.01,0.0,0.0,0.0,-0.01,-0.005
1.208,0.0,-0.01,0.0,0.0,0.0,-0.01,-0.005
1.209,0.0,-0.01,0.0,0.0,0.0,-0.01,-0.005
1.21,0.0,-0.01,0.0,0.0,0.0,-0.01,-0.005
1.211,0.0,-0.01,0.0,0.0,0.0,-0.01,-0.005
1.212,0.0,-0.01,0.0,0.0,0.0,-0.01,-0.005
1.213,0.0,-0.01,0.0,0.0,0.0,-0.01,-0.005
1.214,0.0,-0.01,0.0,0.0,0.0,-0.01,-0.005
1.215,0.0,-0.01,0.0,0.0,0.0,-0.01,-0.005
1.216,0.0,-0.01,0.0,0.0,0.0,-0.01,-0.005
1.217,0.0,-0.01,0.0,0.0,0.0,-0.01,-0.005
1.218,0.0,-0.01,0.0,0.0,0.0,-0.01,-0.005
1.219,0.0,-0.01,0.0,0.0,0.0,-0.01,-0.005
1.22,0.0,-0.01,0.0,0.0,0.0,-0.01,-0.005
1.221,0.0,-0.01,0.0,0.0,0.0,-0.01,-0.005
1.222,0.0,-0.01,0.0,0.0,0.0,-0.01,-0.005
1.223,0.0,-0.01,0.0,0.0,0.0,-0.01,-0.005
1.224,0.0,-0.01,0.0,0.0,0.0,-0.01,-0.005
1.225,0.0,-0.01,0.0,0.0,0.0,-0.01,-0.005
1.226,0.0,-0.01,0.0,0.0,0.0,-0.01,-0.005
1.227,0.0,-0.01,0.0,0.0,0.0,-0.01,-0.005
1.228,0.0,-0.01,0.0,0.0,0.0,-0.01,-0.005
1.229,0.0,-0.01,0.0,0.0,0.0,-0.01,-0.005
1.23,0.0,-0.01,0.0,0.0,0.0,-0.01,-0.005
1.231,0.0,-0.01,0.0,0.0,0.0,-0.01,-0.005
1.232,0.0,-0.01,0.0,0.0,0.0,-0.01,-0.005
1.233,0.0,-0.01,0.0,0.0,0.0,-0.01,-0.005
1.234,0.0,-0.01,0.0,0.0,0.0,-0.01,-0.005
1.235,0.0,-0.01,0.0,0.0,0.0,-0.01,-0.005
1.236,0.0,-0.01,0.0,0.0,0.0,-0.01,-0.005
1.237,0.0,-0.01,0.0,0.0,0.0,-0.01,-0.005
1.238,0.0,-0.01,0.0,0.0,0.0,-0.01,-0.005
1.239,0.0,-0.01,0.0,0.0,0.0,-0.01,-0.005
1.24,0.0,-0.01,0.0,0.0,0.0,-0.01,-0.005
1.241,0.0,-0.01,0.0,0.0,0.0,-0.01,-0.005
1.242,0.0,-0.01,0.0,0.0,0.0,-0.01,-0.005
1.243,0.0,-0.01,0.0,0.0,0.0,-0.01,-0.005
1.244,0.0,-0.01,0.0,0.0,0.0,-0.01,-0.005
1.245,0.0,-0.01,0.0,0.0,0.0,-0.01,-0.005
1.246,0.0,-0.01,0.0,0.0,0.0,-0.01,-0.005
1.247,0.0,-0.01,0.0,0.0,0.0,-0.01,-0.005
1.248,0.0,-0.01,0.0,0.0,0.0,-0.01,-0.005
1.249,0.0,-0.01,0.0,0.0,0.0,-0.01,-0.005
1.25,0.0,-0.01,0.0,0.0,0.0,-0.01,-0.005
1.251,0.0,-0.01,0.0,0.0,0.0,-0.01,-0.005
1.252,0.0,-0.01,0.0,0.0,0.0,-0.01,-0.005
1.253,0.0,-0.01,0.0,0.0,0.0,-0.01,-0.005
1.254,0.0,-0.01,0.0,0.0,0.0,-0.01,-0.005
1.255,0.0,-0.01,0.0,0.0,0.0,-0.01,-0.005
1.256,0.0,-0.01,0.0,0.0,0.0,-0.01,-0.005
1.257,0.0,-0.01,0.0,0.0,0.0,-0.01,-0.005
1.258,0.0,-0.01,0.0,0.0,0.0,-0.01,-0.005
1.259,0.0,-0.01,0.0,0.0,0.0,-0.01,-0.005
1.26,0.0,-0.01,0.0,0.0,0.0,-0.01,-0.005
1.261,0.0,-0.01,0.0,0.0,0.0,-0.01,-0.005
1.262,0.0,-0.01,0.0,0.0,0.0,-0.01,-0.005
1.263,0.0,-0.01,0.0,0.0,0.0,-0.01,-0.005
1.264,0.0,-0.01,0.0,0.0,0.0,-0.01,-0.005
1.265,0.0,-0.01,0.0,0.0,0.0,-0.01,-0.005
1.266,0.0,-0.01,0.0,0.0,0.0,-0.01,-0.005
1.267,0.0,-0.01,0.0,0.0,0.0,-0.01,-0.005
1.268,0.0,-0.01,0.0,0.0,0.0,-0.01,-0.005
1.269,0.0,-0.01,0.0,0.0,0.0,-0.01,-0.005
1.27,0.0,-0.01,0.0,0.0,0.0,-0.01,-0.005
1.271,0.0,-0.01,0.0,0.0,0.0,-0.01,-0.005
1.272,0.0,-0.01,0.0,0.0,0.0,-0.01,-0.005
1.273,0.0,-0.01,0.0,0.0,0.0,-0.01,-0.005
1.274,0.0,-0.01,0.0,0.0,0.0,-0.01,-0.005
1.275,0.0,-0.01,0.0,0.0,0.0,-0.01,-0.005
1.276,0.0,-0.01,0.0,0.0,0.0,-0.01,-0.005
1.277,0.0,-0.01,0.0,0.0,0.0,-0.01,-0.005
1.278,0.0,-0.01,0.0,0.0,0.0,-0.01,-0.005
1.279,0.0,-0.01,0.0,0.0,0.0,-0.01,-0.005
1.28,0.0,-0.01,0.0,0.0,0.0,-0.01,-0.005
1.281,0.0,-0.01,0.0,0.0,0.0,-0.01,-0.005
1.282,0.0,-0.01,0.0,0.0,0.0,-0.01,-0.005
1.283,0.0,-0.01,0.0,0.0,0.0,-0.01,-0.005
1.284,0.0,-0.01,0.0,0.0,0.0,-0.01,-0.005
1.285,0.0,-0.01,0.0,0.0,0.0,-0.01,-0.005
1.286,0.0,-0.01,0.0,0.0,0.0,-0.01,-0.005
1.287,0.0,-0.01,0.0,0.0,0.0,-0.01,-0.005
1.288,0.0,-0.01,0.0,0.0,0.0,-0.01,-0.005
1.289,0.0,-0.01,0.0,0.0,0.0,-0.01,-0.005
1.29,0.0,-0.01,0.0,0.0,0.0,-0.01,-0.005
1.291,0.0,-0.01,0.0,0.0,0.0,-0.01,-0.005
1.292,0.0,-0.01,0.0,0.0,0.0,-0.01,-0.005
1.293,0.0,-0.01,0.0,0.0,0.0,-0.01,-0.005
1.294,0.0,-0.01,0.0,0.0,0.0,-0.01,-0.005
1.295,0.0,-0.01,0.0,0.0,0.0,-0.01,-0.005
1.296,0.0,-0.01,0.0,0.0,0.0,-0.01,-0.005
1.297,0.0,-0.01,0.0,0.0,0.0,-0.01,-0.005
1.298,0.0,-0.01,0.0,0.0,0.0,-0.01,-0.005
1.299,0.0,-0.01,0.0,0.0,0.0,-0.01,-0.005
1.3,0.0,-0.01,0.0,0.0,0.0,-0.01,-0.005
1.301,0.0,-0.01,0.0,0.0,0.0,-0.01,-0.005
1.302,0.0,-0.01,0.0,0.0,0.0,-0.01,-0.005
1.303,0.0,-0.01,0.0,0.0,0.0,-0.01,-0.005
1.304,0.0,-0.01,0.0,0.0,0.0,-0.01,-0.005
1.305,0.0,-0.01,0.0,0.0,0.0,-0.01,-0.005
1.306,0.0,-0.01,0.0,0.0,0.0,-0.01,-0.005
1.307,0.0,-0.01,0.0,0.0,0.0,-0.01,-0.005
1.308,0.0,-0.01,0.0,0.0,0.0,-0.01,-0.005
1.309,0.0,-0.01,0.0,0.0,0.0,-0.01,-0.005
1.31,0.0,-0.01,0.0,0.0,0.0,-0.01,-0.005
1.311,0.0,-0.01,0.0,0.0,0.0,-0.01,-0.005
1.312,0.0,-0.01,0.0,0.0,0.0,-0.01,-0.005
1.313,0.0,-0.01,0.0,0.0,0.0,-0.01,-0.005
1.314,0.0,-0.01,0.0,0.0,0.0,-0.01,-0.005
1.315,0.0,-0.01,0.0,0.0,0.0,-0.01,-0.005
1.316,0.0,-0.01,0.0,0.0,0.0,-0.01,-0.005
1.317,0.0,-0.01,0.0,0.0,0.0,-0.01,-0.005
1.318,0.0,-0.01,0.0,0.0,0.0,-0.01,-0.005
1.319,0.0,-0.01,0.0,0.0,0.0,-0.01,-0.005
1.32,0.0,-0.01,0.0,0.0,0.0,-0.01,-0.005
1.321,0.0,-0.01,0.0,0.0,0.0,-0.01,-0.005
1.322,0.0,-0.01,0.0,0.0,0.0,-0.01,-0.005
1.323,0.0,-0.01,0.0,0.0,0.0,-0.01,-0.005
1.324,0.0,-0.01,0.0,0.0,0.0,-0.01,-0.005
1.325,0.0,-0.01,0.0,0.0,0.0,-0.01,-0.005
1.326,0.0,-0.01,0.0,0.0,0.0,-0.01,-0.005
1.327,0.0,-0.01,0.0,0.0,0.0,-0.01,-0.005
1.328,0.0,-0.01,0.0,0.0,0.0,-0.01,-0.005
1.329,0.0,-0.01,0.0,0.0,0.0,-0.01,-0.005
1.33,0.0,-0.01,0.0,0.0,0.0,-0.01,-0.005
1.331,0.0,-0.01,0.0,0.0,0.0,-0.01,-0.005
1.332,0.0,-0.01,0.0,0.0,0.0,-0.01,-0.005
1.333,0.0,-0.01,0.0,0.0,0.0,-0.01,-0.005
1.334,0.0,-0.01,0.0,0.0,0.0,-0.01,-0.005
1.335,0.0,-0.01,0.0,0.0,0.0,-0.01,-0.005
1.336,0.0,-0.01,0.0,0.0,0.0,-0.01,-0.005
1.337,0.0,-0.01,0.0,0.0,0.0,-0.01,-0.005
1.338,0.0,-0.01,0.0,0.0,0.0,-0.01,-0.005
1.339,0.0,-0.01,0.0,0.0,0.0,-0.01,-0.005
1.34,0.0,-0.01,0.0,0.0,0.0,-0.01,-0.005
1.341,0.0,-0.01,0.0,0.0,0.0,-0.01,-0.005
1.342,0.0,-0.01,0.0,0.0,0.0,-0.01,-0.005
1.343,0.0,-0.01,0.0,0.0,0.0,-0.01,-0.005
1.344,0.0,-0.01,0.0,0.0,0.0,-0.01,-0.005
1.345,0.0,-0.01,0.0,0.0,0.0,-0.01,-0.005
1.346,0.0,-0.01,0.0,0.0,0.0,-0.01,-0.005
1.347,0.0,-0.01,0.0,0.0,0.0,-0.01,-0.005
1.348,0.0,-0.01,0.0,0.0,0.0,-0.01,-0.005
1.349,0.0,-0.01,0.0,0.0,0.0,-0.01,-0.005
1.35,0.0,-0.01,0.0,0.0,0.0,-0.01,-0.005
1.351,0.0,-0.01,0.0,0.0,0.0,-0.01,-0.005
1.352,0.0,-0.01,0.0,0.0,0.0,-0.01,-0.005
1.353,0.0,-0.01,0.0,0.0,0.0,-0.01,-0.005
1.354,0.0,-0.01,0.0,0.0,0.0,-0.01,-0.005
1.355,0.0,-0.01,0.0,0.0,0.0,-0.01,-0.005
1.356,0.0,-0.01,0.0,0.0,0.0,-0.01,-0.005
1.357,0.0,-0.01,0.0,0.0,0.0,-0.01,-0.005
1.358,0.0,-0.01,0.0,0.0,0.0,-0.01,-0.005
1.359,0.0,-0.01,0.0,0.0,0.0,-0.01,-0.005
1.36,0.0,-0.01,0.0,0.0,0.0,-0.01,-0.005
1.361,0.0,-0.01,0.0,0.0,0.0,-0.01,-0.005
1.362,0.0,-0.01,0.0,0.0,0.0,-0.01,-0.005
1.363,0.0,-0.01,0.0,0.0,0.0,-0.01,-0.005
1.364,0.0,-0.01,0.0,0.0,0.0,-0.01,-0.005
1.365,0.0,-0.01,0.0,0.0,0.0,-0.01,-0.005
1.366,0.0,-0.01,0.0,0.0,0.0,-0.01,-0.005
1.367,0.0,-0.01,0.0,0.0,0.0,-0.01,-0.005
1.368,0.0,-0.01,0.0,0.0,0.0,-0.01,-0.005
1.369,0.0,-0.01,0.0,0.0,0.0,-0.01,-0.005
1.37,0.0,-0.01,0.0,0.0,0.0,-0.01,-0.005
1.371,0.0,-0.01,0.0,0.0,0.0,-0.01,-0.005
1.372,0.0,-0.01,0.0,0.0,0.0,-0.01,-0.005
1.373,0.0,-0.01,0.0,0.0,0.0,-0.01,-0.005
1.374,0.0,-0.01,0.0,0.0,0.0,-0.01,-0.005
1.375,0.0,-0.01,0.0,0.0,0.0,-0.01,-0.005
1.376,0.0,-0.01,0.0,0.0,0.0,-0.01,-0.005
1.377,0.0,-0.01,0.0,0.0,0.0,-0.01,-0.005
1.378,0.0,-0.01,0.0,0.0,0.0,-0.01,-0.005
1.379,0.0,-0.01,0.0,0.0,0.0,-0.01,-0.005
1.38,0.0,-0.01,0.0,0.0,0.0,-0.01,-0.005
1.381,0.0,-0.01,0.0,0.0,0.0,-0.01,-0.005
1.382,0.0,-0.01,0.0,0.0,0.0,-0.01,-0.005
1.383,0.0,-0.01,0.0,0.0,0.0,-0.01,-0.005
1.384,0.0,-0.01,0.0,0.0,0.0,-0.01,-0.005
1.385,0.0,-0.01,0.0,0.0,0.0,-0.01,-0.005
1.386,0.0,-0.01,0.0,0.0,0.0,-0.01,-0.005
1.387,0.0,-0.01,0.0,0.0,0.0,-0.01,-0.005
1.388,0.0,-0.01,0.0,0.0,0.0,-0.01,-0.005
1.389,0.0,-0.01,0.0,0.0,0.0,-0.01,-0.005
1.39,0.0,-0.01,0.0,0.0,0.0,-0.01,-0.005
1.391,0.0,-0.01,0.0,0.0,0.0,-0.01,-0.005
1.392,0.0,-0.01,0.0,0.0,0.0,-0.01,-0.005
1.393,0.0,-0.01,0.0,0.0,0.0,-0.01,-0.005
1.394,0.0,-0.01,0.0,0.0,0.0,-0.01,-0.005
1.395,0.0,-0.01,0.0,0.0,0.0,-0.01,-0.005
1.396,0.0,-0.01,0.0,0.0,0.0,-0.01,-0.005
1.397,0.0,-0.01,0.0,0.0,0.0,-0.01,-0.005
1.398,0.0,-0.01,0.0,0.0,0.0,-0.01,-0.005
1.399,0.0,-0.01,0.0,0.0,0.0,-0.01,-0.005
1.4,0.0,-0.01,0.0,0.0,0.0,-0.01,-0.005
1.401,0.0,-0.01,0.0,0.0,0.0,-0.01,-0.005
1.402,0.0,-0.01,0.0,0.0,0.0,-0.01,-0.005
1.403,0.0,-0.01,0.0,0.0,0.0,-0.01,-0.005
1.404,0.0,-0.01,0.0,0.0,0.0,-0.01,-0.005
1.405,0.0,-0.01,0.0,0.0,0.0,-0.01,-0.005
1.406,0.0,-0.01,0.0,0.0,0.0,-0.01,-0.005
1.407,0.0,-0.01,0.0,0.0,0.0,-0.01,-0.005
1.408,0.0,-0.01,0.0,0.0,0.0,-0.01,-0.005
1.409,0.0,-0.01,0.0,0.0,0.0,-0.01,-0.005
1.41,0.0,-0.01,0.0,0.0,0.0,-0.01,-0.005
1.411,0.0,-0.01,0.0,0.0,0.0,-0.01,-0.005
1.412,0.0,-0.01,0.0,0.0,0.0,-0.01,-0.005
1.413,0.0,-0.01,0.0,0.0,0.0,-0.01,-0.005
1.414,0.0,-0.01,0.0,0.0,0.0,-0.01,-0.005
1.415,0.0,-0.01,0.0,0.0,0.0,-0.01,-0.005
1.416,0.0,-0.01,0.0,0.0,0.0,-0.01,-0.005
1.417,0.0,-0.01,0.0,0.0,0.0,-0.01,-0.005
1.418,0.0,-0.01,0.0,0.0,0.0,-0.01,-0.005
1.419,0.0,-0.01,0.0,0.0,0.0,-0.01,-0.005
1.42,0.0,-0.01,0.0,0.0,0.0,-0.01,-0.005
1.421,0.0,-0.01,0.0,0.0,0.0,-0.01,-0.005
1.422,0.0,-0.01,0.0,0.0,0.0,-0.01,-0.005
1.423,0.0,-0.01,0.0,0.0,0.0,-0.01,-0.005
1.424,0.0,-0.01,0.0,0.0,0.0,-0.01,-0.005
1.425,0.0,-0.01,0.0,0.0,0.0,-0.01,-0.005
1.426,0.0,-0.01,0.0,0.0,0.0,-0.01,-0.005
1.427,0.0,-0.01,0.0,0.0,0.0,-0.01,-0.005
1.428,0.0,-0.01,0.0,0.0,0.0,-0.01,-0.005
1.429,0.0,-0.01,0.0,0.0,0.0,-0.01,-0.005
1.43,0.0,-0.01,0.0,0.0,0.0,-0.01,-0.005
1.431,0.0,-0.01,0.0,0.0,0.0,-0.01,-0.005
1.432,0.0,-0.01,0.0,0.0,0.0,-0.01,-0.005
1.433,0.0,-0.01,0.0,0.0,0.0,-0.01,-0.005
1.434,0.0,-0.01,0.0,0.0,0.0,-0.01,-0.005
1.435,0.0,-0.01,0.0,0.0,0.0,-0.01,-0.005
1.436,0.0,-0.01,0.0,0.0,0.0,-0.01,-0.005
1.437,0.0,-0.01,0.0,0.0,0.0,-0.01,-0.005
1.438,0.0,-0.01,0.0,0.0,0.0,-0.01,-0.005
1.439,0.0,-0.01,0.0,0.0,0.0,-0.01,-0.005
1.44,0.0,-0.01,0.0,0.0,0.0,-0.01,-0.005
1.441,0.0,-0.01,0.0,0.0,0.0,-0.01,-0.005
1.442,0.0,-0.01,0.0,0.0,0.0,-0.01,-0.005
1.443,0.0,-0.01,0.0,0.0,0.0,-0.01,-0.005
1.444,0.0,-0.01,0.0,0.0,0.0,-0.01,-0.005
1.445,0.0,-0.01,0.0,0.0,0.0,-0.01,-0.005
1.446,0.0,-0.01,0.0,0.0,0.0,-0.01,-0.005
1.447,0.0,-0.01,0.0,0.0,0.0,-0.01,-0.005
1.448,0.0,-0.01,0.0,0.0,0.0,-0.01,-0.005
1.449,0.0,-0.01,0.0,0.0,0.0,-0.01,-0.005
1.45,0.0,-0.01,0.0,0.0,0.0,-0.01,-0.005
1.451,0.0,-0.01,0.0,0.0,0.0,-0.01,-0.005
1.452,0.0,-0.01,0.0,0.0,0.0,-0.01,-0.005
1.453,0.0,-0.01,0.0,0.0,0.0,-0.01,-0.005
1.454,0.0,-0.01,0.0,0.0,0.0,-0.01,-0.005
1.455,0.0,-0.01,0.0,0.0,0.0,-0.01,-0.005
1.456,0.0,-0.01,0.0,0.0,0.0,-0.01,-0.005
1.457,0.0,-0.01,0.0,0.0,0.0,-0.01,-0.005
1.458,0.0,-0.01,0.0,0.0,0.0,-0.01,-0.005
1.459,0.0,-0.01,0.0,0.0,0.0,-0.01,-0.005
1.46,0.0,-0.01,0.0,0.0,0.0,-0.01,-0.005
1.461,0.0,-0.01,0.0,0.0,0.0,-0.01,-0.005
1.462,0.0,-0.01,0.0,0.0,0.0,-0.01,-0.005
1.463,0.0,-0.01,0.0,0.0,0.0,-0.01,-0.005
1.464,0.0,-0.01,0.0,0.0,0.0,-0.01,-0.005
1.465,0.0,-0.01,0.0,0.0,0.0,-0.01,-0.005
1.466,0.0,-0.01,0.0,0.0,0.0,-0.01,-0.005
1.467,0.0,-0.01,0.0,0.0,0.0,-0.01,-0.005
1.468,0.0,-0.01,0.0,0.0,0.0,-0.01,-0.005
1.469,0.0,-0.01,0.0,0.0,0.0,-0.01,-0.005
1.47,0.0,-0.01,0.0,0.0,0.0,-0.01,-0.005
1.471,0.0,-0.01,0.0,0.0,0.0,-0.01,-0.005
1.472,0.0,-0.01,0.0,0.0,0.0,-0.01,-0.005
1.473,0.0,-0.01,0.0,0.0,0.0,-0.01,-0.005
1.474,0.0,-0.01,0.0,0.0,0.0,-0.01,-0.005
1.475,0.0,-0.01,0.0,0.0,0.0,-0.01,-0.005
1.476,0.0,-0.01,0.0,0.0,0.0,-0.01,-0.005
1.477,0.0,-0.01,0.0,0.0,0.0,-0.01,-0.005
1.478,0.0,-0.01,0.0,0.0,0.0,-0.01,-0.005
1.479,0.0,-0.01,0.0,0.0,0.0,-0.01,-0.005
1.48,0.0,-0.01,0.0,0.0,0.0,-0.01,-0.005
1.481,0.0,-0.01,0.0,0.0,0.0,-0.01,-0.005
1.482,0.0,-0.01,0.0,0.0,0.0,-0.01,-0.005
1.483,0.0,-0.01,0.0,0.0,0.0,-0.01,-0.005
1.484,0.0,-0.01,0.0,0.0,0.0,-0.01,-0.005
1.485,0.0,-0.01,0.0,0.0,0.0,-0.01,-0.005
1.486,0.0,-0.01,0.0,0.0,0.0,-0.01,-0.005
1.487,0.0,-0.01,0.0,0.0,0.0,-0.01,-0.005
1.488,0.0,-0.01,0.0,0.0,0.0,-0.01,-0.005
1.489,0.0,-0.01,0.0,0.0,0.0,-0.01,-0.005
1.49,0.0,-0.01,0.0,0.0,0.0,-0.01,-0.005
1.491,0.0,-0.01,0.0,0.0,0.0,-0.01,-0.005
1.492,0.0,-0.01,0.0,0.0,0.0,-0.01,-0.005
1.493,0.0,-0.01,0.0,0.0,0.0,-0.01,-0.005
1.494,0.0,-0.01,0.0,0.0,0.0,-0.01,-0.005
1.495,0.0,-0.01,0.0,0.0,0.0,-0.01,-0.005
1.496,0.0,-0.01,0.0,0.0,0.0,-0.01,-0.005
1.497,0.0,-0.01,0.0,0.0,0.0,-0.01,-0.005
1.498,0.0,-0.01,0.0,0.0,0.0,-0.01,-0.005
1.499,0.0,-0.01,0.0,0.0,0.0,-0.01,-0.005
1.5,0.0,-0.01,0.0,0.0,0.0,-0.01,-0.005
1.501,0.0,-0.01,0.0,0.0,0.0,-0.01,-0.005
1.502,0.0,-0.01,0.0,0.0,0.0,-0.01,-0.005
1.503,0.0,-0.01,0.0,0.0,0.0,-0.01,-0.005
1.504,0.0,-0.01,0.0,0.0,0.0,-0.01,-0.005
1.505,0.0,-0.01,0.0,0.0,0.0,-0.01,-0.005
1.506,0.0,-0.01,0.0,0.0,0.0,-0.01,-0.005
1.507,0.0,-0.01,0.0,0.0,0.0,-0.01,-0.005
1.508,0.0,-0.01,0.0,0.0,0.0,-0.01,-0.005
1.509,0.0,-0.01,0.0,0.0,0.0,-0.01,-0.005
1.51,0.0,-0.01,0.0,0.0,0.0,-0.01,-0.005
1.511,0.0,-0.01,0.0,0.0,0.0,-0.01,-0.005
1.512,0.0,-0.01,0.0,0.0,0.0,-0.01,-0.005
1.513,0.0,-0.01,0.0,0.0,0.0,-0.01,-0.005
1.514,0.0,-0.01,0.0,0.0,0.0,-0.01,-0.005
1.515,0.0,-0.01,0.0,0.0,0.0,-0.01,-0.005
1.516,0.0,-0.01,0.0,0.0,0.0,-0.01,-0.005
1.517,0.0,-0.01,0.0,0.0,0.0,-0.01,-0.005
1.518,0.0,-0.01,0.0,0.0,0.0,-0.01,-0.005
1.519,0.0,-0.01,0.0,0.0,0.0,-0.01,-0.005
1.52,0.0,-0.01,0.0,0.0,0.0,-0.01,-0.005
1.521,0.0,-0.01,0.0,0.0,0.0,-0.01,-0.005
1.522,0.0,-0.01,0.0,0.0,0.0,-0.01,-0.005
1.523,0.0,-0.01,0.0,0.0,0.0,-0.01,-0.005
1.524,0.0,-0.01,0.0,0.0,0.0,-0.01,-0.005
1.525,0.0,-0.01,0.0,0.0,0.0,-0.01,-0.005
1.526,0.0,-0.01,0.0,0.0,0.0,-0.01,-0.005
1.527,0.0,-0.01,0.0,0.0,0.0,-0.01,-0.005
1.528,0.0,-0.01,0.0,0.0,0.0,-0.01,-0.005
1.529,0.0,-0.01,0.0,0.0,0.0,-0.01,-0.005
1.53,0.0,-0.01,0.0,0.0,0.0,-0.01,-0.005
1.531,0.0,-0.01,0.0,0.0,0.0,-0.01,-0.005
1.532,0.0,-0.01,0.0,0.0,0.0,-0.01,-0.005
1.533,0.0,-0.01,0.0,0.0,0.0,-0.01,-0.005
1.534,0.0,-0.01,0.0,0.0,0.0,-0.01,-0.005
1.535,0.0,-0.01,0.0,0.0,0.0,-0.01,-0.005
1.536,0.0,-0.01,0.0,0.0,0.0,-0.01,-0.005
1.537,0.0,-0.01,0.0,0.0,0.0,-0.01,-0.005
1.538,0.0,-0.01,0.0,0.0,0.0,-0.01,-0.005
1.539,0.0,-0.01,0.0,0.0,0.0,-0.01,-0.005
1.54,0.0,-0.01,0.0,0.0,0.0,-0.01,-0.005
1.541,0.0,-0.01,0.0,0.0,0.0,-0.01,-0.005
1.542,0.0,-0.01,0.0,0.0,0.0,-0.01,-0.005
1.543,0.0,-0.01,0.0,0.0,0.0,-0.01,-0.005
1.544,0.0,-0.01,0.0,0.0,0.0,-0.01,-0.005
1.545,0.0,-0.01,0.0,0.0,0.0,-0.01,-0.005
1.546,0.0,-0.01,0.0,0.0,0.0,-0.01,-0.005
1.547,0.0,-0.01,0.0,0.0,0.0,-0.01,-0.005
1.548,0.0,-0.01,0.0,0.0,0.0,-0.01,-0.005
1.549,0.0,-0.01,0.0,0.0,0.0,-0.01,-0.005
1.55,0.0,-0.01,0.0,0.0,0.0,-0.01,-0.005
1.551,0.0,-0.01,0.0,0.0,0.0,-0.01,-0.005
1.552,0.0,-0.01,0.0,0.0,0.0,-0.01,-0.005
1.553,0.0,-0.01,0.0,0.0,0.0,-0.01,-0.005
1.554,0.0,-0.01,0.0,0.0,0.0,-0.01,-0.005
1.555,0.0,-0.01,0.0,0.0,0.0,-0.01,-0.005
1.556,0.0,-0.01,0.0,0.0,0.0,-0.01,-0.005
1.557,0.0,-0.01,0.0,0.0,0.0,-0.01,-0.005
1.558,0.0,-0.01,0.0,0.0,0.0,-0.01,-0.005
1.559,0.0,-0.01,0.0,0.0,0.0,-0.01,-0.005
1.56,0.0,-0.01,0.0,0.0,0.0,-0.01,-0.005
1.561,0.0,-0.01,0.0,0.0,0.0,-0.01,-0.005
1.562,0.0,-0.01,0.0,0.0,0.0,-0.01,-0.005
1.563,0.0,-0.01,0.0,0.0,0.0,-0.01,-0.005
1.564,0.0,-0.01,0.0,0.0,0.0,-0.01,-0.005
1.565,0.0,-0.01,0.0,0.0,0.0,-0.01,-0.005
1.566,0.0,-0.01,0.0,0.0,0.0,-0.01,-0.005
1.567,0.0,-0.01,0.0,0.0,0.0,-0.01,-0.005
1.568,0.0,-0.01,0.0,0.0,0.0,-0.01,-0.005
1.569,0.0,-0.01,0.0,0.0,0.0,-0.01,-0.005
1.57,0.0,-0.01,0.0,0.0,0.0,-0.01,-0.005
1.571,0.0,-0.01,0.0,0.0,0.0,-0.01,-0.005
1.572,0.0,-0.01,0.0,0.0,0.0,-0.01,-0.005
1.573,0.0,-0.01,0.0,0.0,0.0,-0.01,-0.005
1.574,0.0,-0.01,0.0,0.0,0.0,-0.01,-0.005
1.575,0.0,-0.01,0.0,0.0,0.0,-0.01,-0.005
1.576,0.0,-0.01,0.0,0.0,0.0,-0.01,-0.005
1.577,0.0,-0.01,0.0,0.0,0.0,-0.01,-0.005
1.578,0.0,-0.01,0.0,0.0,0.0,-0.01,-0.005
1.579,0.0,-0.01,0.0,0.0,0.0,-0.01,-0.005
1.58,0.0,-0.01,0.0,0.0,0.0,-0.01,-0.005
1.581,0.0,-0.01,0.0,0.0,0.0,-0.01,-0.005
1.582,0.0,-0.01,0.0,0.0,0.0,-0.01,-0.005
1.583,0.0,-0.01,0.0,0.0,0.0,-0.01,-0.005
1.584,0.0,-0.01,0.0,0.0,0.0,-0.01,-0.005
1.585,0.0,-0.01,0.0,0.0,0.0,-0.01,-0.005
1.586,0.0,-0.01,0.0,0.0,0.0,-0.01,-0.005
1.587,0.0,-0.01,0.0,0.0,0.0,-0.01,-0.005
1.588,0.0,-0.01,0.0,0.0,0.0,-0.01,-0.005
1.589,0.0,-0.01,0.0,0.0,0.0,-0.01,-0.005
1.59,0.0,-0.01,0.0,0.0,0.0,-0.01,-0.005
1.591,0.0,-0.01,0.0,0.0,0.0,-0.01,-0.005
1.592,0.0,-0.01,0.0,0.0,0.0,-0.01,-0.005
1.593,0.0,-0.01,0.0,0.0,0.0,-0.01,-0.005
1.594,0.0,-0.01,0.0,0.0,0.0,-0.01,-0.005
1.595,0.0,-0.01,0.0,0.0,0.0,-0.01,-0.005
1.596,0.0,-0.01,0.0,0.0,0.0,-0.01,-0.005
1.597,0.0,-0.01,0.0,0.0,0.0,-0.01,-0.005
1.598,0.0,-0.01,0.0,0.0,0.0,-0.01,-0.005
1.599,0.0,-0.01,0.0,0.0,0.0,-0.01,-0.005
1.6,0.0,-0.01,0.0,0.0,0.0,-0.01,-0.005
1.601,0.0,-0.01,0.0,0.0,0.0,-0.01,-0.005
1.602,0.0,-0.01,0.0,0.0,0.0,-0.01,-0.005
1.603,0.0,-0.01,0.0,0.0,0.0,-0.01,-0.005
1.604,0.0,-0.01,0.0,0.0,0.0,-0.01,-0.005
1.605,0.0,-0.01,0.0,0.0,0.0,-0.01,-0.005
1.606,0.0,-0.01,0.0,0.0,0.0,-0.01,-0.005
1.607,0.0,-0.01,0.0,0.0,0.0,-0.01,-0.005
1.608,0.0,-0.01,0.0,0.0,0.0,-0.01,-0.005
1.609,0.0,-0.01,0.0,0.0,0.0,-0.01,-0.005
1.61,0.0,-0.01,0.0,0.0,0.0,-0.01,-0.005
1.611,0.0,-0.01,0.0,0.0,0.0,-0.01,-0.005
1.612,0.0,-0.01,0.0,0.0,0.0,-0.01,-0.005
1.613,0.0,-0.01,0.0,0.0,0.0,-0.01,-0.005
1.614,0.0,-0.01,0.0,0.0,0.0,-0.01,-0.005
1.615,0.0,-0.01,0.0,0.0,0.0,-0.01,-0.005
1.616,0.0,-0.01,0.0,0.0,0.0,-0.01,-0.005
1.617,0.0,-0.01,0.0,0.0,0.0,-0.01,-0.005
1.618,0.0,-0.01,0.0,0.0,0.0,-0.01,-0.005
1.619,0.0,-0.01,0.0,0.0,0.0,-0.01,-0.005
1.62,0.0,-0.01,0.0,0.0,0.0,-0.01,-0.005
1.621,0.0,-0.01,0.0,0.0,0.0,-0.01,-0.005
1.622,0.0,-0.01,0.0,0.0,0.0,-0.01,-0.005
1.623,0.0,-0.01,0.0,0.0,0.0,-0.01,-0.005
1.624,0.0,-0.01,0.0,0.0,0.0,-0.01,-0.005
1.625,0.0,-0.01,0.0,0.0,0.0,-0.01,-0.005
1.626,0.0,-0.01,0.0,0.0,0.0,-0.01,-0.005
1.627,0.0,-0.01,0.0,0.0,0.0,-0.01,-0.005
1.628,0.0,-0.01,0.0,0.0,0.0,-0.01,-0.005
1.629,0.0,-0.01,0.0,0.0,0.0,-0.01,-0.005
1.63,0.0,-0.01,0.0,0.0,0.0,-0.01,-0.005
1.631,0.0,-0.01,0.0,0.0,0.0,-0.01,-0.005
1.632,0.0,-0.01,0.0,0.0,0.0,-0.01,-0.005
1.633,0.0,-0.01,0.0,0.0,0.0,-0.01,-0.005
1.634,0.0,-0.01,0.0,0.0,0.0,-0.01,-0.005
1.635,0.0,-0.01,0.0,0.0,0.0,-0.01,-0.005
1.636,0.0,-0.01,0.0,0.0,0.0,-0.01,-0.005
1.637,0.0,-0.01,0.0,0.0,0.0,-0.01,-0.005
1.638,0.0,-0.01,0.0,0.0,0.0,-0.01,-0.005
1.639,0.0,-0.01,0.0,0.0,0.0,-0.01,-0.005
1.64,0.0,-0.01,0.0,0.0,0.0,-0.01,-0.005
1.641,0.0,-0.01,0.0,0.0,0.0,-0.01,-0.005
1.642,0.0,-0.01,0.0,0.0,0.0,-0.01,-0.005
1.643,0.0,-0.01,0.0,0.0,0.0,-0.01,-0.005
1.644,0.0,-0.01,0.0,0.0,0.0,-0.01,-0.005
1.645,0.0,-0.01,0.0,0.0,0.0,-0.01,-0.005
1.646,0.0,-0.01,0.0,0.0,0.0,-0.01,-0.005
1.647,0.0,-0.01,0.0,0.0,0.0,-0.01,-0.005
1.648,0.0,-0.01,0.0,0.0,0.0,-0.01,-0.005
1.649,0.0,-0.01,0.0,0.0,0.0,-0.01,-0.005
1.65,0.0,-0.01,0.0,0.0,0.0,-0.01,-0.005
1.651,0.0,-0.01,0.0,0.0,0.0,-0.01,-0.005
1.652,0.0,-0.01,0.0,0.0,0.0,-0.01,-0.005
1.653,0.0,-0.01,0.0,0.0,0.0,-0.01,-0.005
1.654,0.0,-0.01,0.0,0.0,0.0,-0.01,-0.005
1.655,0.0,-0.01,0.0,0.0,0.0,-0.01,-0.005
1.656,0.0,-0.01,0.0,0.0,0.0,-0.01,-0.005
1.657,0.0,-0.01,0.0,0.0,0.0,-0.01,-0.005
1.658,0.0,-0.01,0.0,0.0,0.0,-0.01,-0.005
1.659,0.0,-0.01,0.0,0.0,0.0,-0.01,-0.005
1.66,0.0,-0.01,0.0,0.0,0.0,-0.01,-0.005
1.661,0.0,-0.01,0.0,0.0,0.0,-0.01,-0.005
1.662,0.0,-0.01,0.0,0.0,0.0,-0.01,-0.005
1.663,0.0,-0.01,0.0,0.0,0.0,-0.01,-0.005
1.664,0.0,-0.01,0.0,0.0,0.0,-0.01,-0.005
1.665,0.0,-0.01,0.0,0.0,0.0,-0.01,-0.005
1.666,0.0,-0.01,0.0,0.0,0.0,-0.01,-0.005
1.667,0.0,-0.01,0.0,0.0,0.0,-0.01,-0.005
1.668,0.0,-0.01,0.0,0.0,0.0,-0.01,-0.005
1.669,0.0,-0.01,0.0,0.0,0.0,-0.01,-0.005
1.67,0.0,-0.01,0.0,0.0,0.0,-0.01,-0.005
1.671,0.0,-0.01,0.0,0.0,0.0,-0.01,-0.005
1.672,0.0,-0.01,0.0,0.0,0.0,-0.01,-0.005
1.673,0.0,-0.01,0.0,0.0,0.0,-0.01,-0.005
1.674,0.0,-0.01,0.0,0.0,0.0,-0.01,-0.005
1.675,0.0,-0.01,0.0,0.0,0.0,-0.01,-0.005
1.676,0.0,-0.01,0.0,0.0,0.0,-0.01,-0.005
1.677,0.0,-0.01,0.0,0.0,0.0,-0.01,-0.005
1.678,0.0,-0.01,0.0,0.0,0.0,-0.01,-0.005
1.679,0.0,-0.01,0.0,0.0,0.0,-0.01,-0.005
1.68,0.0,-0.01,0.0,0.0,0.0,-0.01,-0.005
1.681,0.0,-0.01,0.0,0.0,0.0,-0.01,-0.005
1.682,0.0,-0.01,0.0,0.0,0.0,-0.01,-0.005
1.683,0.0,-0.01,0.0,0.0,0.0,-0.01,-0.005
1.684,0.0,-0.01,0.0,0.0,0.0,-0.01,-0.005
1.685,0.0,-0.01,0.0,0.0,0.0,-0.01,-0.005
1.686,0.0,-0.01,0.0,0.0,0.0,-0.01,-0.005
1.687,0.0,-0.01,0.0,0.0,0.0,-0.01,-0.005
1.688,0.0,-0.01,0.0,0.0,0.0,-0.01,-0.005
1.689,0.0,-0.01,0.0,0.0,0.0,-0.01,-0.005
1.69,0.0,-0.01,0.0,0.0,0.0,-0.01,-0.005
1.691,0.0,-0.01,0.0,0.0,0.0,-0.01,-0.005
1.692,0.0,-0.01,0.0,0.0,0.0,-0.01,-0.005
1.693,0.0,-0.01,0.0,0.0,0.0,-0.01,-0.005
1.694,0.0,-0.01,0.0,0.0,0.0,-0.01,-0.005
1.695,0.0,-0.01,0.0,0.0,0.0,-0.01,-0.005
1.696,0.0,-0.01,0.0,0.0,0.0,-0.01,-0.005
1.697,0.0,-0.01,0.0,0.0,0.0,-0.01,-0.005
1.698,0.0,-0.01,0.0,0.0,0.0,-0.01,-0.005
1.699,0.0,-0.01,0.0,0.0,0.0,-0.01,-0.005
1.7,0.0,-0.01,0.0,0.0,0.0,-0.01,-0.005
1.701,0.0,-0.01,0.0,0.0,0.0,-0.01,-0.005
1.702,0.0,-0.01,0.0,0.0,0.0,-0.01,-0.005
1.703,0.0,-0.01,0.0,0.0,0.0,-0.01,-0.005
1.704,0.0,-0.01,0.0,0.0,0.0,-0.01,-0.005
1.705,0.0,-0.01,0.0,0.0,0.0,-0.01,-0.005
1.706,0.0,-0.01,0.0,0.0,0.0,-0.01,-0.005
1.707,0.0,-0.01,0.0,0.0,0.0,-0.01,-0.005
1.708,0.0,-0.01,0.0,0.0,0.0,-0.01,-0.005
1.709,0.0,-0.01,0.0,0.0,0.0,-0.01,-0.005
1.71,0.0,-0.01,0.0,0.0,0.0,-0.01,-0.005
1.711,0.0,-0.01,0.0,0.0,0.0,-0.01,-0.005
1.712,0.0,-0.01,0.0,0.0,0.0,-0.01,-0.005
1.713,0.0,-0.01,0.0,0.0,0.0,-0.01,-0.005
1.714,0.0,-0.01,0.0,0.0,0.0,-0.01,-0.005
1.715,0.0,-0.01,0.0,0.0,0.0,-0.01,-0.005
1.716,0.0,-0.01,0.0,0.0,0.0,-0.01,-0.005
1.717,0.0,-0.01,0.0,0.0,0.0,-0.01,-0.005
1.718,0.0,-0.01,0.0,0.0,0.0,-0.01,-0.005
1.719,0.0,-0.01,0.0,0.0,0.0,-0.01,-0.005
1.72,0.0,-0.01,0.0,0.0,0.0,-0.01,-0.005
1.721,0.0,-0.01,0.0,0.0,0.0,-0.01,-0.005
1.722,0.0,-0.01,0.0,0.0,0.0,-0.01,-0.005
1.723,0.0,-0.01,0.0,0.0,0.0,-0.01,-0.005
1.724,0.0,-0.01,0.0,0.0,0.0,-0.01,-0.005
1.725,0.0,-0.01,0.0,0.0,0.0,-0.01,-0.005
1.726,0.0,-0.01,0.0,0.0,0.0,-0.01,-0.005
1.727,0.0,-0.01,0.0,0.0,0.0,-0.01,-0.005
1.728,0.0,-0.01,0.0,0.0,0.0,-0.01,-0.005
1.729,0.0,-0.01,0.0,0.0,0.0,-0.01,-0.005
1.73,0.0,-0.01,0.0,0.0,0.0,-0.01,-0.005
1.731,0.0,-0.01,0.0,0.0,0.0,-0.01,-0.005
1.732,0.0,-0.01,0.0,0.0,0.0,-0.01,-0.005
1.733,0.0,-0.01,0.0,0.0,0.0,-0.01,-0.005
1.734,0.0,-0.01,0.0,0.0,0.0,-0.01,-0.005
1.735,0.0,-0.01,0.0,0.0,0.0,-0.01,-0.005
1.736,0.0,-0.01,0.0,0.0,0.0,-0.01,-0.005
1.737,0.0,-0.01,0.0,0.0,0.0,-0.01,-0.005
1.738,0.0,-0.01,0.0,0.0,0.0,-0.01,-0.005
1.739,0.0,-0.01,0.0,0.0,0.0,-0.01,-0.005
1.74,0.0,-0.01,0.0,0.0,0.0,-0.01,-0.005
1.741,0.0,-0.01,0.0,0.0,0.0,-0.01,-0.005
1.742,0.0,-0.01,0.0,0.0,0.0,-0.01,-0.005
1.743,0.0,-0.01,0.0,0.0,0.0,-0.01,-0.005
1.744,0.0,-0.01,0.0,0.0,0.0,-0.01,-0.005
1.745,0.0,-0.01,0.0,0.0,0.0,-0.01,-0.005
1.746,0.0,-0.01,0.0,0.0,0.0,-0.01,-0.005
1.747,0.0,-0.01,0.0,0.0,0.0,-0.01,-0.005
1.748,0.0,-0.01,0.0,0.0,0.0,-0.01,-0.005
1.749,0.0,-0.01,0.0,0.0,0.0,-0.01,-0.005
1.75,0.0,-0.01,0.0,0.0,0.0,-0.01,-0.005
1.751,0.0,-0.01,0.0,0.0,0.0,-0.01,-0.005
1.752,0.0,-0.01,0.0,0.0,0.0,-0.01,-0.005
1.753,0.0,-0.01,0.0,0.0,0.0,-0.01,-0.005
1.754,0.0,-0.01,0.0,0.0,0.0,-0.01,-0.005
1.755,0.0,-0.01,0.0,0.0,0.0,-0.01,-0.005
1.756,0.0,-0.01,0.0,0.0,0.0,-0.01,-0.005
1.757,0.0,-0.01,0.0,0.0,0.0,-0.01,-0.005
1.758,0.0,-0.01,0.0,0.0,0.0,-0.01,-0.005
1.759,0.0,-0.01,0.0,0.0,0.0,-0.01,-0.005
1.76,0.0,-0.01,0.0,0.0,0.0,-0.01,-0.005
1.761,0.0,-0.01,0.0,0.0,0.0,-0.01,-0.005
1.762,0.0,-0.01,0.0,0.0,0.0,-0.01,-0.005
1.763,0.0,-0.01,0.0,0.0,0.0,-0.01,-0.005
1.764,0.0,-0.01,0.0,0.0,0.0,-0.01,-0.005
1.765,0.0,-0.01,0.0,0.0,0.0,-0.01,-0.005
1.766,0.0,-0.01,0.0,0.0,0.0,-0.01,-0.005
1.767,0.0,-0.01,0.0,0.0,0.0,-0.01,-0.005
1.768,0.0,-0.01,0.0,0.0,0.0,-0.01,-0.005
1.769,0.0,-0.01,0.0,0.0,0.0,-0.01,-0.005
1.77,0.0,-0.01,0.0,0.0,0.0,-0.01,-0.005
1.771,0.0,-0.01,0.0,0.0,0.0,-0.01,-0.005
1.772,0.0,-0.01,0.0,0.0,0.0,-0.01,-0.005
1.773,0.0,-0.01,0.0,0.0,0.0,-0.01,-0.005
1.774,0.0,-0.01,0.0,0.0,0.0,-0.01,-0.005
1.775,0.0,-0.01,0.0,0.0,0.0,-0.01,-0.005
1.776,0.0,-0.01,0.0,0.0,0.0,-0.01,-0.005
1.777,0.0,-0.01,0.0,0.0,0.0,-0.01,-0.005
1.778,0.0,-0.01,0.0,0.0,0.0,-0.01,-0.005
1.779,0.0,-0.01,0.0,0.0,0.0,-0.01,-0.005
1.78,0.0,-0.01,0.0,0.0,0.0,-0.01,-0.005
1.781,0.0,-0.01,0.0,0.0,0.0,-0.01,-0.005
1.782,0.0,-0.01,0.0,0.0,0.0,-0.01,-0.005
1.783,0.0,-0.01,0.0,0.0,0.0,-0.01,-0.005
1.784,0.0,-0.01,0.0,0.0,0.0,-0.01,-0.005
1.785,0.0,-0.01,0.0,0.0,0.0,-0.01,-0.005
1.786,0.0,-0.01,0.0,0.0,0.0,-0.01,-0.005
1.787,0.0,-0.01,0.0,0.0,0.0,-0.01,-0.005
1.788,0.0,-0.01,0.0,0.0,0.0,-0.01,-0.005
1.789,0.0,-0.01,0.0,0.0,0.0,-0.01,-0.005
1.79,0.0,-0.01,0.0,0.0,0.0,-0.01,-0.005
1.791,0.0,-0.01,0.0,0.0,0.0,-0.01,-0.005
1.792,0.0,-0.01,0.0,0.0,0.0,-0.01,-0.005
1.793,0.0,-0.01,0.0,0.0,0.0,-0.01,-0.005
1.794,0.0,-0.01,0.0,0.0,0.0,-0.01,-0.005
1.795,0.0,-0.01,0.0,0.0,0.0,-0.01,-0.005
1.796,0.0,-0.01,0.0,0.0,0.0,-0.01,-0.005
1.797,0.0,-0.01,0.0,0.0,0.0,-0.01,-0.005
1.798,0.0,-0.01,0.0,0.0,0.0,-0.01,-0.005
1.799,0.0,-0.01,0.0,0.0,0.0,-0.01,-0.005
1.8,0.0,-0.01,0.0,0.0,0.0,-0.01,-0.005
1.801,0.0,-0.01,0.0,0.0,0.0,-0.01,-0.005
1.802,0.0,-0.01,0.0,0.0,0.0,-0.01,-0.005
1.803,0.0,-0.01,0.0,0.0,0.0,-0.01,-0.005
1.804,0.0,-0.01,0.0,0.0,0.0,-0.01,-0.005
1.805,0.0,-0.01,0.0,0.0,0.0,-0.01,-0.005
1.806,0.0,-0.01,0.0,0.0,0.0,-0.01,-0.005
1.807,0.0,-0.01,0.0,0.0,0.0,-0.01,-0.005
1.808,0.0,-0.01,0.0,0.0,0.0,-0.01,-0.005
1.809,0.0,-0.01,0.0,0.0,0.0,-0.01,-0.005
1.81,0.0,-0.01,0.0,0.0,0.0,-0.01,-0.005
1.811,0.0,-0.01,0.0,0.0,0.0,-0.01,-0.005
1.812,0.0,-0.01,0.0,0.0,0.0,-0.01,-0.005
1.813,0.0,-0.01,0.0,0.0,0.0,-0.01,-0.005
1.814,0.0,-0.01,0.0,0.0,0.0,-0.01,-0.005
1.815,0.0,-0.01,0.0,0.0,0.0,-0.01,-0.005
1.816,0.0,-0.01,0.0,0.0,0.0,-0.01,-0.005
1.817,0.0,-0.01,0.0,0.0,0.0,-0.01,-0.005
1.818,0.0,-0.01,0.0,0.0,0.0,-0.01,-0.005
1.819,0.0,-0.01,0.0,0.0,0.0,-0.01,-0.005
1.82,0.0,-0.01,0.0,0.0,0.0,-0.01,-0.005
1.821,0.0,-0.01,0.0,0.0,0.0,-0.01,-0.005
1.822,0.0,-0.01,0.0,0.0,0.0,-0.01,-0.005
1.823,0.0,-0.01,0.0,0.0,0.0,-0.01,-0.005
1.824,0.0,-0.01,0.0,0.0,0.0,-0.01,-0.005
1.825,0.0,-0.01,0.0,0.0,0.0,-0.01,-0.005
1.826,0.0,-0.01,0.0,0.0,0.0,-0.01,-0.005
1.827,0.0,-0.01,0.0,0.0,0.0,-0.01,-0.005
1.828,0.0,-0.01,0.0,0.0,0.0,-0.01,-0.005
1.829,0.0,-0.01,0.0,0.0,0.0,-0.01,-0.005
1.83,0.0,-0.01,0.0,0.0,0.0,-0.01,-0.005
1.831,0.0,-0.01,0.0,0.0,0.0,-0.01,-0.005
1.832,0.0,-0.01,0.0,0.0,0.0,-0.01,-0.005
1.833,0.0,-0.01,0.0,0.0,0.0,-0.01,-0.005
1.834,0.0,-0.01,0.0,0.0,0.0,-0.01,-0.005
1.835,0.0,-0.01,0.0,0.0,0.0,-0.01,-0.005
1.836,0.0,-0.01,0.0,0.0,0.0,-0.01,-0.005
1.837,0.0,-0.01,0.0,0.0,0.0,-0.01,-0.005
1.838,0.0,-0.01,0.0,0.0,0.0,-0.01,-0.005
1.839,0.0,-0.01,0.0,0.0,0.0,-0.01,-0.005
1.84,0.0,-0.01,0.0,0.0,0.0,-0.01,-0.005
1.841,0.0,-0.01,0.0,0.0,0.0,-0.01,-0.005
1.842,0.0,-0.01,0.0,0.0,0.0,-0.01,-0.005
1.843,0.0,-0.01,0.0,0.0,0.0,-0.01,-0.005
1.844,0.0,-0.01,0.0,0.0,0.0,-0.01,-0.005
1.845,0.0,-0.01,0.0,0.0,0.0,-0.01,-0.005
1.846,0.0,-0.01,0.0,0.0,0.0,-0.01,-0.005
1.847,0.0,-0.01,0.0,0.0,0.0,-0.01,-0.005
1.848,0.0,-0.01,0.0,0.0,0.0,-0.01,-0.005
1.849,0.0,-0.01,0.0,0.0,0.0,-0.01,-0.005
1.85,0.0,-0.01,0.0,0.0,0.0,-0.01,-0.005
1.851,0.0,-0.01,0.0,0.0,0.0,-0.01,-0.005
1.852,0.0,-0.01,0.0,0.0,0.0,-0.01,-0.005
1.853,0.0,-0.01,0.0,0.0,0.0,-0.01,-0.005
1.854,0.0,-0.01,0.0,0.0,0.0,-0.01,-0.005
1.855,0.0,-0.01,0.0,0.0,0.0,-0.01,-0.005
1.856,0.0,-0.01,0.0,0.0,0.0,-0.01,-0.005
1.857,0.0,-0.01,0.0,0.0,0.0,-0.01,-0.005
1.858,0.0,-0.01,0.0,0.0,0.0,-0.01,-0.005
1.859,0.0,-0.01,0.0,0.0,0.0,-0.01,-0.005
1.86,0.0,-0.01,0.0,0.0,0.0,-0.01,-0.005
1.861,0.0,-0.01,0.0,0.0,0.0,-0.01,-0.005
1.862,0.0,-0.01,0.0,0.0,0.0,-0.01,-0.005
1.863,0.0,-0.01,0.0,0.0,0.0,-0.01,-0.005
1.864,0.0,-0.01,0.0,0.0,0.0,-0.01,-0.005
1.865,0.0,-0.01,0.0,0.0,0.0,-0.01,-0.005
1.866,0.0,-0.01,0.0,0.0,0.0,-0.01,-0.005
1.867,0.0,-0.01,0.0,0.0,0.0,-0.01,-0.005
1.868,0.0,-0.01,0.0,0.0,0.0,-0.01,-0.005
1.869,0.0,-0.01,0.0,0.0,0.0,-0.01,-0.005
1.87,0.0,-0.01,0.0,0.0,0.0,-0.01,-0.005
1.871,0.0,-0.01,0.0,0.0,0.0,-0.01,-0.005
1.872,0.0,-0.01,0.0,0.0,0.0,-0.01,-0.005
1.873,0.0,-0.01,0.0,0.0,0.0,-0.01,-0.005
1.874,0.0,-0.01,0.0,0.0,0.0,-0.01,-0.005
1.875,0.0,-0.01,0.0,0.0,0.0,-0.01,-0.005
1.876,0.0,-0.01,0.0,0.0,0.0,-0.01,-0.005
1.877,0.0,-0.01,0.0,0.0,0.0,-0.01,-0.005
1.878,0.0,-0.01,0.0,0.0,0.0,-0.01,-0.005
1.879,0.0,-0.01,0.0,0.0,0.0,-0.01,-0.005
1.88,0.0,-0.01,0.0,0.0,0.0,-0.01,-0.005
1.881,0.0,-0.01,0.0,0.0,0.0,-0.01,-0.005
1.882,0.0,-0.01,0.0,0.0,0.0,-0.01,-0.005
1.883,0.0,-0.01,0.0,0.0,0.0,-0.01,-0.005
1.884,0.0,-0.01,0.0,0.0,0.0,-0.01,-0.005
1.885,0.0,-0.01,0.0,0.0,0.0,-0.01,-0.005
1.886,0.0,-0.01,0.0,0.0,0.0,-0.01,-0.005
1.887,0.0,-0.01,0.0,0.0,0.0,-0.01,-0.005
1.888,0.0,-0.01,0.0,0.0,0.0,-0.01,-0.005
1.889,0.0,-0.01,0.0,0.0,0.0,-0.01,-0.005
1.89,0.0,-0.01,0.0,0.0,0.0,-0.01,-0.005
1.891,0.0,-0.01,0.0,0.0,0.0,-0.01,-0.005
1.892,0.0,-0.01,0.0,0.0,0.0,-0.01,-0.005
1.893,0.0,-0.01,0.0,0.0,0.0,-0.01,-0.005
1.894,0.0,-0.01,0.0,0.0,0.0,-0.01,-0.005
1.895,0.0,-0.01,0.0,0.0,0.0,-0.01,-0.005
1.896,0.0,-0.01,0.0,0.0,0.0,-0.01,-0.005
1.897,0.0,-0.01,0.0,0.0,0.0,-0.01,-0.005
1.898,0.0,-0.01,0.0,0.0,0.0,-0.01,-0.005
1.899,0.0,-0.01,0.0,0.0,0.0,-0.01,-0.005
1.9,0.0,-0.01,0.0,0.0,0.0,-0.01,-0.005
1.901,0.0,-0.01,0.0,0.0,0.0,-0.01,-0.005
1.902,0.0,-0.01,0.0,0.0,0.0,-0.01,-0.005
1.903,0.0,-0.01,0.0,0.0,0.0,-0.01,-0.005
1.904,0.0,-0.01,0.0,0.0,0.0,-0.01,-0.005
1.905,0.0,-0.01,0.0,0.0,0.0,-0.01,-0.005
1.906,0.0,-0.01,0.0,0.0,0.0,-0.01,-0.005
1.907,0.0,-0.01,0.0,0.0,0.0,-0.01,-0.005
1.908,0.0,-0.01,0.0,0.0,0.0,-0.01,-0.005
1.909,0.0,-0.01,0.0,0.0,0.0,-0.01,-0.005
1.91,0.0,-0.01,0.0,0.0,0.0,-0.01,-0.005
1.911,0.0,-0.01,0.0,0.0,0.0,-0.01,-0.005
1.912,0.0,-0.01,0.0,0.0,0.0,-0.01,-0.005
1.913,0.0,-0.01,0.0,0.0,0.0,-0.01,-0.005
1.914,0.0,-0.01,0.0,0.0,0.0,-0.01,-0.005
1.915,0.0,-0.01,0.0,0.0,0.0,-0.01,-0.005
1.916,0.0,-0.01,0.0,0.0,0.0,-0.01,-0.005
1.917,0.0,-0.01,0.0,0.0,0.0,-0.01,-0.005
1.918,0.0,-0.01,0.0,0.0,0.0,-0.01,-0.005
1.919,0.0,-0.01,0.0,0.0,0.0,-0.01,-0.005
1.92,0.0,-0.01,0.0,0.0,0.0,-0.01,-0.005
1.921,0.0,-0.01,0.0,0.0,0.0,-0.01,-0.005
1.922,0.0,-0.01,0.0,0.0,0.0,-0.01,-0.005
1.923,0.0,-0.01,0.0,0.0,0.0,-0.01,-0.005
1.924,0.0,-0.01,0.0,0.0,0.0,-0.01,-0.005
1.925,0.0,-0.01,0.0,0.0,0.0,-0.01,-0.005
1.926,0.0,-0.01,0.0,0.0,0.0,-0.01,-0.005
1.927,0.0,-0.01,0.0,0.0,0.0,-0.01,-0.005
1.928,0.0,-0.01,0.0,0.0,0.0,-0.01,-0.005
1.929,0.0,-0.01,0.0,0.0,0.0,-0.01,-0.005
1.93,0.0,-0.01,0.0,0.0,0.0,-0.01,-0.005
1.931,0.0,-0.01,0.0,0.0,0.0,-0.01,-0.005
1.932,0.0,-0.01,0.0,0.0,0.0,-0.01,-0.005
1.933,0.0,-0.01,0.0,0.0,0.0,-0.01,-0.005
1.934,0.0,-0.01,0.0,0.0,0.0,-0.01,-0.005
1.935,0.0,-0.01,0.0,0.0,0.0,-0.01,-0.005
1.936,0.0,-0.01,0.0,0.0,0.0,-0.01,-0.005
1.937,0.0,-0.01,0.0,0.0,0.0,-0.01,-0.005
1.938,0.0,-0.01,0.0,0.0,0.0,-0.01,-0.005
1.939,0.0,-0.01,0.0,0.0,0.0,-0.01,-0.005
1.94,0.0,-0.01,0.0,0.0,0.0,-0.01,-0.005
1.941,0.0,-0.01,0.0,0.0,0.0,-0.01,-0.005
1.942,0.0,-0.01,0.0,0.0,0.0,-0.01,-0.005
1.943,0.0,-0.01,0.0,0.0,0.0,-0.01,-0.005
1.944,0.0,-0.01,0.0,0.0,0.0,-0.01,-0.005
1.945,0.0,-0.01,0.0,0.0,0.0,-0.01,-0.005
1.946,0.0,-0.01,0.0,0.0,0.0,-0.01,-0.005
1.947,0.0,-0.01,0.0,0.0,0.0,-0.01,-0.005
1.948,0.0,-0.01,0.0,0.0,0.0,-0.01,-0.005
1.949,0.0,-0.01,0.0,0.0,0.0,-0.01,-0.005
1.95,0.0,-0.01,0.0,0.0,0.0,-0.01,-0.005
1.951,0.0,-0.01,0.0,0.0,0.0,-0.01,-0.005
1.952,0.0,-0.01,0.0,0.0,0.0,-0.01,-0.005
1.953,0.0,-0.01,0.0,0.0,0.0,-0.01,-0.005
1.954,0.0,-0.01,0.0,0.0,0.0,-0.01,-0.005
1.955,0.0,-0.01,0.0,0.0,0.0,-0.01,-0.005
1.956,0.0,-0.01,0.0,0.0,0.0,-0.01,-0.005
1.957,0.0,-0.01,0.0,0.0,0.0,-0.01,-0.005
1.958,0.0,-0.01,0.0,0.0,0.0,-0.01,-0.005
1.959,0.0,-0.01,0.0,0.0,0.0,-0.01,-0.005
1.96,0.0,-0.01,0.0,0.0,0.0,-0.01,-0.005
1.961,0.0,-0.01,0.0,0.0,0.0,-0.01,-0.005
1.962,0.0,-0.01,0.0,0.0,0.0,-0.01,-0.005
1.963,0.0,-0.01,0.0,0.0,0.0,-0.01,-0.005
1.964,0.0,-0.01,0.0,0.0,0.0,-0.01,-0.005
1.965,0.0,-0.01,0.0,0.0,0.0,-0.01,-0.005
1.966,0.0,-0.01,0.0,0.0,0.0,-0.01,-0.005
1.967,0.0,-0.01,0.0,0.0,0.0,-0.01,-0.005
1.968,0.0,-0.01,0.0,0.0,0.0,-0.01,-0.005
1.969,0.0,-0.01,0.0,0.0,0.0,-0.01,-0.005
1.97,0.0,-0.01,0.0,0.0,0.0,-0.01,-0.005
1.971,0.0,-0.01,0.0,0.0,0.0,-0.01,-0.005
1.972,0.0,-0.01,0.0,0.0,0.0,-0.01,-0.005
1.973,0.0,-0.01,0.0,0.0,0.0,-0.01,-0.005
1.974,0.0,-0.01,0.0,0.0,0.0,-0.01,-0.005
1.975,0.0,-0.01,0.0,0.0,0.0,-0.01,-0.005
1.976,0.0,-0.01,0.0,0.0,0.0,-0.01,-0.005
1.977,0.0,-0.01,0.0,0.0,0.0,-0.01,-0.005
1.978,0.0,-0.01,0.0,0.0,0.0,-0.01,-0.005
1.979,0.0,-0.01,0.0,0.0,0.0,-0.01,-0.005
1.98,0.0,-0.01,0.0,0.0,0.0,-0.01,-0.005
1.981,0.0,-0.01,0.0,0.0,0.0,-0.01,-0.005
1.982,0.0,-0.01,0.0,0.0,0.0,-0.01,-0.005
1.983,0.0,-0.01,0.0,0.0,0.0,-0.01,-0.005
1.984,0.0,-0.01,0.0,0.0,0.0,-0.01,-0.005
1.985,0.0,-0.01,0.0,0.0,0.0,-0.01,-0.005
1.986,0.0,-0.01,0.0,0.0,0.0,-0.01,-0.005
1.987,0.0,-0.01,0.0,0.0,0.0,-0.01,-0.005
1.988,0.0,-0.01,0.0,0.0,0.0,-0.01,-0.005
1.989,0.0,-0.01,0.0,0.0,0.0,-0.01,-0.005
1.99,0.0,-0.01,0.0,0.0,0.0,-0.01,-0.005
1.991,0.0,-0.01,0.0,0.0,0.0,-0.01,-0.005
1.992,0.0,-0.01,0.0,0.0,0.0,-0.01,-0.005
1.993,0.0,-0.01,0.0,0.0,0.0,-0.01,-0.005
1.994,0.0,-0.01,0.0,0.0,0.0,-0.01,-0.005
1.995,0.0,-0.01,0.0,0.0,0.0,-0.01,-0.005
1.996,0.0,-0.01,0.0,0.0,0.0,-0.01,-0.005
1.997,0.0,-0.01,0.0,0.0,0.0,-0.01,-0.005
1.998,0.0,-0.01,0.0,0.0,0.0,-0.01,-0.005
1.999,0.0,-0.01,0.0,0.0,0.0,-0.01,-0.005
